region,scenario,cultivar_id,maturity_class,planting_code,planting_label,n_years,mean_yield_kg_ha,mean_flowering_edd35,flowering_ge35_site_pct,flowering_ge38_site_pct,heat_associated_penalty_kg_ha,heat_associated_penalty_pct,zeroheat_sensitivity_penalty_kg_ha,best_mean_yield_kg_ha,total_planting_date_penalty_kg_ha,total_planting_date_penalty_pct,heat_component_fraction_of_total_penalty
Northcentral,Irrigated,990001,LS,A1,April 1,38,6001.319952713816,15.8970703125,87.00657894736842,54.91879111842105,-343.6079464416528,-9.190579108539353,-343.6079464416528,7201.0372121710525,1199.7172594572367,16.660339672033604,-0.28640743786340483
Northcentral,Irrigated,990001,LS,A10,April 10,38,6075.6473581414475,17.235176809210525,88.20415296052632,58.05407072368421,-372.53050993395897,-9.848218138511646,-372.53050993395897,7201.0372121710525,1125.389854029605,15.62816328913692,-0.3310235191832101
Northcentral,Irrigated,990001,LS,A20,April 20,38,6272.234837582237,19.279579564144736,91.09272203947368,66.71463815789474,-416.7193458964095,-10.336900176214531,-416.7193458964095,7201.0372121710525,928.8023745888158,12.898174904845266,-0.44866309270676946
Northcentral,Irrigated,990001,LS,M1,May 1,38,6495.092156661184,20.67015316611842,92.2594572368421,69.95271381578947,-446.7759620123011,-10.275612040444473,-446.7759620123011,7201.0372121710525,705.9450555098683,9.803380189685642,-0.6328763953019225
Northcentral,Irrigated,990001,LS,M10,May 10,38,6669.3661081414475,20.524665912828947,91.6272615131579,73.40666118421053,-443.6313211851844,-9.706211991161434,-443.6313211851844,7201.0372121710525,531.671104029605,7.383257277590301,-0.8344093139966503
Northcentral,Irrigated,990001,LS,M20,May 20,38,7201.0372121710525,19.092804276315793,87.45374177631578,68.31311677631578,-412.68228297630105,-8.173699945130044,-412.68228297630105,7201.0372121710525,0.0,0.0,
Northcentral,Irrigated,990002,MS,A1,April 1,38,7193.840614720395,6.20891755756579,74.55283717105263,31.4453125,3.7922168889061045,0.057430571455133375,3.7922168889061045,7848.225020559211,654.3844058388158,8.337992401142811,0.005795090553915463
Northcentral,Irrigated,990002,MS,A10,April 10,38,7174.0826994243425,8.060665090460526,80.52014802631578,38.85176809210527,4.92320762974386,0.07580271577304701,4.92320762974386,7848.225020559211,674.1423211348683,8.58974251335665,0.007302920281663978
Northcentral,Irrigated,990002,MS,A20,April 20,38,7064.59375,10.375328947368422,79.31229440789474,46.80818256578947,6.336933498854921,0.10673314688982573,6.336933498854921,7848.225020559211,783.6312705592109,9.984821644466237,0.008086626627766899
Northcentral,Irrigated,990002,MS,M1,May 1,38,7148.110608552632,15.06219675164474,83.85074013157895,56.902754934210535,9.199528963951492,0.15884512735124068,9.199528963951492,7848.225020559211,700.1144120065792,8.920672001281302,0.013140036551433027
Northcentral,Irrigated,990002,MS,M10,May 10,38,7392.204615542763,17.55425575657895,89.51994243421053,60.45949835526315,10.72160236226012,0.17817911601698425,10.72160236226012,7848.225020559211,456.0204050164475,5.810490955876729,0.023511233805148298
Northcentral,Irrigated,990002,MS,M20,May 20,38,7848.225020559211,19.299198190789475,92.4085115131579,68.61122532894737,11.787359816410738,0.17819319710703013,11.787359816410738,7848.225020559211,0.0,0.0,
Northcentral,Irrigated,990003,SS,A1,April 1,38,4288.910618832237,2.0468698601973685,44.79337993421053,14.406866776315788,-0.17447287919372015,-0.004498140000014525,-0.17447287919372015,4456.744500411184,167.8338815789475,3.76584032500546,-0.0010395569568689843
Northcentral,Irrigated,990003,SS,A10,April 10,38,4307.631990131579,2.6352282072368425,53.60300164473685,18.467310855263158,-0.22462388136634553,-0.00551524339816425,-0.22462388136634553,4456.744500411184,149.11251027960498,3.3457720151076127,-0.0015064053374538938
Northcentral,Irrigated,990003,SS,A20,April 20,38,4245.990285773027,4.131784539473685,64.1858552631579,23.874383223684212,-0.3521886558731144,-0.008968368367596024,-0.3521886558731144,4456.744500411184,210.75421463815746,4.728882587249798,-0.001671087130939634
Northcentral,Irrigated,990003,SS,M1,May 1,38,4204.680612664473,5.988677014802632,72.93379934210526,31.38363486842105,-0.510468076965684,-0.013464247600598543,-0.510468076965684,4456.744500411184,252.06388774671086,5.6557850180429945,-0.0020251535494788266
Northcentral,Irrigated,990003,SS,M10,May 10,38,4200.271330180921,10.856142064144738,79.33285361842105,47.61513157894737,-0.9253653100763227,-0.02731541981967523,-0.9253653100763227,4456.744500411184,256.47317023026335,5.754720069921012,-0.0036080394266796933
Northcentral,Irrigated,990003,SS,M20,May 20,38,4456.744500411184,16.14722964638158,86.86780427631578,58.0078125,-1.3763716502888343,-0.03728053126029019,-1.3763716502888343,4456.744500411184,0.0,0.0,
Northcentral,Irrigated,990004,VSS,A1,April 1,38,2358.7732833059213,0.5431178042763157,23.905222039473685,3.772615131578947,-4.060837461580156,-0.1659177289811409,-4.060837461580156,2924.1726973684213,565.3994140625,19.335363283137323,-0.007182245613596029
Northcentral,Irrigated,990004,VSS,A10,April 10,38,2359.460577713816,0.7865799753289474,28.587582236842106,6.064967105263158,-5.88117974626278,-0.24116109715836323,-5.88117974626278,2924.1726973684213,564.7121196546054,19.31185939061712,-0.01041447410383167
Northcentral,Irrigated,990004,VSS,A20,April 20,38,2763.6537314967104,1.2545384457236841,34.102590460526315,8.367598684210527,-9.38005839115411,-0.3404284868900797,-9.38005839115411,2924.1726973684213,160.51896587171086,5.489380501232647,-0.058435826197950916
Northcentral,Irrigated,990004,VSS,M1,May 1,38,2744.9953741776317,2.027934827302632,44.76768092105263,15.260074013157896,-15.162665726502112,-0.6083819425025644,-15.162665726502112,2924.1726973684213,179.1773231907896,6.127453530772597,-0.08462379868437242
Northcentral,Irrigated,990004,VSS,M10,May 10,38,2924.1726973684213,3.1573087993421054,61.651932565789465,20.065789473684212,-23.606881875708243,-0.8666271021133669,-23.606881875708243,2924.1726973684213,0.0,0.0,
Northcentral,Irrigated,990004,VSS,M20,May 20,38,2923.5810546875,6.7250925164473685,74.62479440789474,33.63486842105263,-50.28284362684552,-1.9923150693118246,-50.28284362684552,2924.1726973684213,0.591642680921268,0.020232822823826744,-84.98853319464428
Northcentral,Rainfed,990001,LS,A1,April 1,38,3023.9161698190787,15.8970703125,87.00657894736842,54.91879111842105,398.38009558056086,21.202061186099954,398.38009558056086,3563.9499897203946,540.0338199013158,15.152676705872732,0.7376947163297285
Northcentral,Rainfed,990001,LS,A10,April 10,38,3016.6950555098683,17.4024472235922,88.29152960526315,57.373882182355494,436.104794907966,22.588756972055112,436.104794907966,3563.9499897203946,547.2549342105262,15.35529218392485,0.7968951354218373
Northcentral,Rainfed,990001,LS,A20,April 20,38,3127.856805098684,19.338033619390817,91.123464333148,66.01441847356067,484.6105307576945,22.29471881391775,484.6105307576945,3563.9499897203946,436.0931846217104,12.236231874171825,1.1112545388162178
Northcentral,Rainfed,990001,LS,M1,May 1,38,3183.4145764802633,20.777626439144736,92.42393092105263,70.47183388157895,520.686682769157,22.88006999012573,520.686682769157,3563.9499897203946,380.5354132401312,10.677349972298172,1.3683002019067942
Northcentral,Rainfed,990001,LS,M10,May 10,38,3224.6122018914475,20.60433799342105,91.6272615131579,73.40666118421053,516.3440796219516,21.924933687637786,516.3440796219516,3563.9499897203946,339.33778782894706,9.521395889608693,1.5216226961502726
Northcentral,Rainfed,990001,LS,M20,May 20,38,3563.9499897203946,19.092804276315793,87.45374177631578,68.31311677631578,478.4650909242576,17.487267772147273,478.4650909242576,3563.9499897203946,0.0,0.0,
Northcentral,Rainfed,990002,MS,A1,April 1,38,4089.1806126644738,6.20891755756579,74.55283717105263,31.4453125,175.95365293312562,7.532805698438525,175.95365293312562,4326.049547697368,236.86893503289457,5.475409664666765,0.7428312746400895
Northcentral,Rainfed,990002,MS,A10,April 10,38,4225.355725740132,8.117651683730076,80.46728420064939,39.046784683568276,230.0450044228036,8.536538079957726,230.0450044228036,4326.049547697368,100.69382195723665,2.327616011953286,2.284598994767531
Northcentral,Rainfed,990002,MS,A20,April 20,38,4064.0632195723683,10.392472758904107,79.50268428002224,47.162828947368425,294.51084315155197,13.038636096845904,294.51084315155197,4326.049547697368,261.986328125,6.056017741739638,1.124145848599526
Northcentral,Rainfed,990002,MS,M1,May 1,38,4067.1772717927633,15.069228001644738,83.86615953947368,56.91817434210527,427.0447608924369,17.662732580592923,427.0447608924369,4326.049547697368,258.872275904605,5.984034002624756,1.6496349769405352
Northcentral,Rainfed,990002,MS,M10,May 10,38,4124.673879523027,17.555391652960527,89.51994243421053,60.45949835526315,497.4998075543986,19.080570287296066,497.4998075543986,4326.049547697368,201.37566817434163,4.654955195358965,2.4705060550000835
Northcentral,Rainfed,990002,MS,M20,May 20,38,4326.049547697368,19.299198190789475,92.4085115131579,68.61122532894737,546.9172990084102,18.963758594990235,546.9172990084102,4326.049547697368,0.0,0.0,
Northcentral,Rainfed,990003,SS,A1,April 1,38,3166.4267064144738,2.0468698601973685,44.79337993421053,14.406866776315788,37.41354703254037,1.9495501000831854,37.41354703254037,3237.0057565789475,70.57905016447376,2.180380742945163,0.5300942269037878
Northcentral,Rainfed,990003,SS,A10,April 10,38,3190.4812397203946,2.614208591876354,53.43359864854279,17.94569840433099,47.78360266421928,2.164697253501925,47.78360266421928,3237.0057565789475,46.52451685855294,1.4372701303973803,1.0270628453702013
Northcentral,Rainfed,990003,SS,A20,April 20,38,3160.474249588816,4.13250575328584,63.6622619651085,23.973389931630546,75.53567589680323,3.7052905003062935,75.53567589680323,3237.0057565789475,76.53150699013167,2.3642684859175085,0.9869879591753387
Northcentral,Rainfed,990003,SS,M1,May 1,38,3237.0057565789475,5.990758634868421,72.91837993421053,31.49157072368421,109.50160257117405,5.036785992927842,109.50160257117405,3237.0057565789475,0.0,0.0,
Northcentral,Rainfed,990003,SS,M10,May 10,38,3091.127569901316,10.894582648026315,79.98046875,47.70764802631579,199.1357575916074,10.576249301928408,199.1357575916074,3237.0057565789475,145.87818667763167,4.506577919459867,1.365082485098795
Northcentral,Rainfed,990003,SS,M20,May 20,38,3091.227847450658,16.14722964638158,86.86780427631578,58.0078125,295.1458456483767,13.478762182372213,295.1458456483767,3237.0057565789475,145.7779091282896,4.5034800704944065,2.0246266901018464
Northcentral,Rainfed,990004,VSS,A1,April 1,38,2129.0656352796054,0.5431178042763157,23.905222039473685,3.772615131578947,10.087260271937135,0.4821711001811014,10.087260271937135,2697.9737356085525,568.9081003289471,21.08649512856079,0.017730913421877107
Northcentral,Rainfed,990004,VSS,A10,April 10,38,2204.7294921875,0.776805625003014,27.863278257648467,5.7225624394187085,14.427515464257645,0.6930718336828681,14.427515464257645,2697.9737356085525,493.2442434210525,18.282025392281916,0.029250246012383272
Northcentral,Rainfed,990004,VSS,A20,April 20,38,2588.1421669407896,1.2182056053344708,34.232503265854156,7.777630534237416,22.625583085266953,0.9291681219521086,22.625583085266953,2697.9737356085525,109.8315686677629,4.0708909511674465,0.2060025488091556
Northcentral,Rainfed,990004,VSS,M1,May 1,38,2594.8449835526317,2.012196751644737,45.235402960526315,14.283511513157896,37.372283126001875,1.6770914853063488,37.372283126001875,2697.9737356085525,103.12875205592081,3.8224520385354745,0.36238471212894174
Northcentral,Rainfed,990004,VSS,M10,May 10,38,2697.9737356085525,3.150236430921053,61.651932565789465,19.983552631578945,58.508954312740705,2.3466645519813896,58.508954312740705,2697.9737356085525,0.0,0.0,
Northcentral,Rainfed,990004,VSS,M20,May 20,38,2629.682257401316,6.7250925164473685,74.62479440789474,33.63486842105263,124.90431731777345,5.725650661831524,124.90431731777345,2697.9737356085525,68.29147820723665,2.53121360322779,1.8289883393465292
Northeast,Irrigated,990001,LS,A1,April 1,38,6465.37011157444,7.016324805589993,52.92460272737518,32.136819564972384,-225.52997101162998,-6.455510408073044,-225.52997101162998,7626.696607686239,1161.3264961117993,15.227123299246049,-0.19420031469764942
Northeast,Irrigated,990001,LS,A10,April 10,38,6629.434914910402,8.22655809759946,58.14831511326496,34.875464893497124,-264.43123154716665,-7.359657846875935,-264.43123154716665,7626.696607686239,997.2616927758372,13.075932400022177,-0.26515731373490653
Northeast,Irrigated,990001,LS,A20,April 20,38,6768.546320297532,10.622591006423983,66.44877718922574,45.37360531950863,-341.448366221374,-8.732208775874302,-341.448366221374,7626.696607686239,858.1502873887075,11.251926378241631,-0.3978887745413195
Northeast,Irrigated,990001,LS,M1,May 1,38,6910.169221232954,11.724580187084413,65.58661106728276,44.89462414065141,-376.87027083038936,-9.519145217616106,-376.87027083038936,7626.696607686239,716.5273864532846,9.394990037117292,-0.5259677131056317
Northeast,Irrigated,990001,LS,M10,May 10,38,7072.062718359067,12.214499042037643,71.06390172433224,48.061534993801416,-392.618028840056,-9.480520521776642,-392.618028840056,7626.696607686239,554.6338893271723,7.2722689502058895,-0.7078868356139253
Northeast,Irrigated,990001,LS,M20,May 20,38,7626.696607686239,12.128597993914122,72.47266989744168,44.212780344866445,-389.8568595056871,-8.547870065601158,-389.8568595056871,7626.696607686239,0.0,0.0,
Northeast,Irrigated,990002,MS,A1,April 1,38,7853.834497915023,1.8690127352642847,29.381269018370336,7.1903527555505455,2.7219501310238994,0.04194949258213549,2.7219501310238994,8197.239546940154,343.4050490251311,4.189276732230139,0.007926354428250416
Northeast,Irrigated,990002,MS,A10,April 10,38,7733.7002704834895,2.3938521356925504,36.447650174687254,10.943311168714075,3.4863037642590995,0.055886149083066626,3.4863037642590995,8197.239546940154,463.539276456665,5.654821648218073,0.0075210536438437585
Northeast,Irrigated,990002,MS,A20,April 20,38,7556.062774709793,3.761720951200271,45.480671700664935,16.910853150005632,5.478409345641574,0.09784558507299705,5.478409345641574,8197.239546940154,641.1767722303612,7.8218620861177355,0.008544304134076301
Northeast,Irrigated,990002,MS,M1,May 1,38,7674.631973402456,6.47949397047222,52.28220444043728,28.023216499492843,9.43645761696846,0.16397382551344486,9.43645761696846,8197.239546940154,522.607573537698,6.3754093136484675,0.018056488452874987
Northeast,Irrigated,990002,MS,M10,May 10,38,7952.859404936324,8.006328186633608,58.00743829595402,33.63011382846838,11.660073602198304,0.19747399218994474,11.660073602198304,8197.239546940154,244.38014200383077,2.9812492437780764,0.047712852225184184
Northeast,Irrigated,990002,MS,M20,May 20,38,8197.239546940154,11.081443705623803,67.6377775273301,44.748112250648035,16.138540191483308,0.2527256802872834,16.138540191483308,8197.239546940154,0.0,0.0,
Northeast,Irrigated,990003,SS,A1,April 1,38,4527.385946128705,0.32498591231826895,15.423193959202072,1.5327397723430627,4.080982989586011,0.09829669810742779,4.080982989586011,4819.983996393554,292.598050264849,6.0705191237933365,0.013947403223951955
Northeast,Irrigated,990003,SS,A10,April 10,38,4566.117660317818,0.47320522934745857,19.55933731545137,2.8457117096810545,5.942234473409706,0.1422516158007503,5.942234473409706,4819.983996393554,253.8663360757355,5.266953920711881,0.023406941484502182
Northeast,Irrigated,990003,SS,A20,April 20,38,4544.388369209963,0.9726529922236,21.768285810886958,4.485517863180434,12.214007332561275,0.2967664084110992,12.214007332561275,4819.983996393554,275.5956271835912,5.717770585748823,0.044318581747397515
Northeast,Irrigated,990003,SS,M1,May 1,38,4534.148371463992,1.7348247492392652,28.885382621435816,7.539727262481685,21.784914432305712,0.5341443390050052,21.784914432305712,4819.983996393554,285.8356249295621,5.930219377147979,0.07621483304495066
Northeast,Irrigated,990003,SS,M10,May 10,38,4530.493237912769,4.094855178631804,46.94015552800631,15.907810210751716,51.4207960880748,1.365096082066458,51.4207960880748,4819.983996393554,289.4907584807852,6.006052275223118,0.1776250003900827
Northeast,Irrigated,990003,SS,M20,May 20,38,4819.983996393554,6.6155753409218985,53.16127578045757,29.471430181449342,83.0745254156957,2.0134811280224856,83.0745254156957,4819.983996393554,0.0,0.0,
Northeast,Irrigated,990004,VSS,A1,April 1,38,2419.287388707314,0.07438859461287049,5.201172095120027,0.11833652654119235,0.06671416283914991,0.002457250221007795,0.06671416283914991,3125.4801081933956,706.1927194860814,22.5946956960247,9.447019347310731e-05
Northeast,Irrigated,990004,VSS,A10,April 10,38,2424.8014200383186,0.15163980615349937,8.27792178519103,0.11833652654119235,0.1359956156352741,0.005159192210033072,0.1359956156352741,3125.4801081933956,700.678688155077,22.418273797944167,0.00019409126884300926
Northeast,Irrigated,990004,VSS,A20,April 20,38,2786.0936549081484,0.24661332131184494,12.081595852586497,0.4564408880874561,0.22117101905102668,0.007734964868595854,0.22117101905102668,3125.4801081933956,339.38645328524717,10.858698233130683,0.0006516789839726959
Northeast,Irrigated,990004,VSS,M1,May 1,38,2824.8186070100305,0.3641158570945565,18.404147413501633,1.7525076073481343,0.3265511965770848,0.01162926193828915,0.3265511965770848,3125.4801081933956,300.6615011833651,9.619690120413367,0.0010861091137103394
Northeast,Irrigated,990004,VSS,M10,May 10,38,3075.219767835005,0.5568522483940043,23.470077764003154,2.090611968894398,0.49940359500049836,0.016569630973824953,0.49940359500049836,3125.4801081933956,50.26034035839075,1.6080838341166874,0.00993633531805411
Northeast,Irrigated,990004,VSS,M20,May 20,38,3125.4801081933956,1.8080694240955713,27.87670460948946,6.812802885157216,1.621536723624654,0.058491050917990096,1.621536723624654,3125.4801081933956,0.0,0.0,
Northeast,Rainfed,990001,LS,A1,April 1,38,4566.098162966303,7.016324805589993,52.92460272737518,32.136819564972384,132.3056759543564,10.407311153299016,132.3056759543564,5473.686577256846,907.5884142905434,16.580935014832068,0.14577717594354592
Northeast,Rainfed,990001,LS,A10,April 10,38,4877.844133889327,8.22655809759946,58.14831511326496,34.875464893497124,155.12684489941557,8.970751130170598,155.12684489941557,5473.686577256846,595.8424433675191,10.885578393239447,0.2603487660642067
Northeast,Rainfed,990001,LS,A20,April 20,38,4950.243773244674,10.622681167587062,66.44877718922574,45.37360531950863,200.31014117326586,10.037711970518988,200.31014117326586,5473.686577256846,523.442804012172,9.562893246154712,0.3826781830562865
Northeast,Rainfed,990001,LS,M1,May 1,38,5012.06981855066,11.724580187084413,65.58661106728276,44.89462414065141,221.08846866629875,10.857625424202453,221.08846866629875,5473.686577256846,461.6167587061864,8.433379445293832,0.47894376557290236
Northeast,Rainfed,990001,LS,M10,May 10,38,5123.9811225064805,12.214499042037643,71.06390172433224,48.061534993801416,230.3267874533266,10.209468767971181,230.3267874533266,5473.686577256846,349.7054547503658,6.388846891661482,0.6586308115146313
Northeast,Rainfed,990001,LS,M20,May 20,38,5473.686577256846,12.128597993914122,72.47266989744168,44.212780344866445,228.7069656018473,8.741532457134994,228.7069656018473,5473.686577256846,0.0,0.0,
Northeast,Rainfed,990002,MS,A1,April 1,38,6213.56102783726,1.8690127352642847,29.381269018370336,7.1903527555505455,75.78210548674086,2.3513678998034293,75.78210548674086,6465.524512566211,251.9634847289517,3.897030847833653,0.30076622240823125
Northeast,Rainfed,990002,MS,A10,April 10,38,6465.524512566211,2.3938521356925504,36.447650174687254,10.943311168714075,97.06255695526897,2.6496405777777983,97.06255695526897,6465.524512566211,0.0,0.0,
Northeast,Rainfed,990002,MS,A20,April 20,38,6259.340076636989,3.761901273526428,45.48630677335737,16.910853150005632,152.53229352702746,4.807253640105294,152.53229352702746,6465.524512566211,206.18443592922267,3.1889823560097623,0.7397856818804088
Northeast,Rainfed,990002,MS,M1,May 1,38,6151.6206469063445,6.47949397047222,52.28220444043728,28.023216499492843,262.7214284345654,8.155955186679682,262.7214284345654,6465.524512566211,313.9038656598668,4.855040995510451,0.8369486877209706
Northeast,Rainfed,990002,MS,M10,May 10,38,6303.792572974191,8.006328186633608,58.00743829595402,33.63011382846838,324.6293595292917,9.225031033476762,324.6293595292917,6465.524512566211,161.73193959202035,2.501451185865628,2.007206247252033
Northeast,Rainfed,990002,MS,M20,May 20,38,6374.6174349149105,11.081443705623803,67.6377775273301,44.748112250648035,449.31482809089374,11.478558323305458,449.31482809089374,6465.524512566211,90.90707765130082,1.406027886440093,4.942572566399777
Northeast,Rainfed,990003,SS,A1,April 1,38,4058.5009579623575,0.32498591231826895,15.423193959202072,1.5327397723430627,6.436486962047405,0.25963826461658723,6.436486962047405,4228.865209061197,170.3642510988393,4.028604428767309,0.037780736982861406
Northeast,Rainfed,990003,SS,A10,April 10,38,4200.670348247492,0.47320522934745857,19.55933731545137,2.8457117096810545,9.372034828650456,0.38117790860677014,9.372034828650456,4228.865209061197,28.19486081370451,0.666724036351202,0.33240223778991124
Northeast,Rainfed,990003,SS,A20,April 20,38,4185.76952552688,0.9726529922236,21.768285810886958,4.485517863180434,19.263814417015414,0.8969354828675037,19.263814417015414,4228.865209061197,43.09568353431678,1.0190838772060073,0.4470010181338876
Northeast,Rainfed,990003,SS,M1,May 1,38,4133.131015440099,1.7348247492392652,28.885382621435816,7.539727262481685,34.35895667065167,1.651783937995476,34.35895667065167,4228.865209061197,95.7341936210978,2.263827028962001,0.3588995255617809
Northeast,Rainfed,990003,SS,M10,May 10,38,4044.5786092640597,4.094855178631804,46.94015552800631,15.907810210751716,81.10038303113906,3.8698745974003366,81.10038303113906,4228.865209061197,184.28659979713711,4.357826288770469,0.44007748322674817
Northeast,Rainfed,990003,SS,M20,May 20,38,4228.865209061197,6.6155753409218985,53.16127578045757,29.471430181449342,131.0243392537731,4.8043351486392485,131.0243392537731,4228.865209061197,0.0,0.0,
Northeast,Rainfed,990004,VSS,A1,April 1,38,2338.3436267327847,0.07438859461287049,5.201172095120027,0.11833652654119235,0.6715143874868987,0.027077791337575128,0.6715143874868987,3035.6004733461064,697.2568466133216,22.969321975521492,0.0009630803781254243
Northeast,Rainfed,990004,VSS,A10,April 10,38,2398.26749690071,0.15163980615349937,8.27792178519103,0.11833652654119235,1.368869946767099,0.05627793091838721,1.368869946767099,3035.6004733461064,637.3329764453965,20.995285184643286,0.0021478096965917423
Northeast,Rainfed,990004,VSS,A20,April 20,38,2746.9124873210862,0.24661332131184494,12.081595852586497,0.4564408880874561,2.2262067763030555,0.08167905236189762,2.2262067763030555,3035.6004733461064,288.6879860250201,9.51007843620484,0.007711463185413313
Northeast,Rainfed,990004,VSS,M1,May 1,38,2783.8269469176153,0.3641158570945565,18.404147413501633,1.7525076073481343,3.2869156625902,0.12483395868052148,3.2869156625902,3035.6004733461064,251.7735264284911,8.294027117177384,0.013055048754396155
Northeast,Rainfed,990004,VSS,M10,May 10,38,3035.6004733461064,0.5568522483940043,23.470077764003154,2.090611968894398,5.026769203626049,0.17753559928215693,5.026769203626049,3035.6004733461064,0.0,0.0,
Northeast,Rainfed,990004,VSS,M20,May 20,38,3031.663698861715,1.8080694240955713,27.87670460948946,6.812802885157216,16.321650357476372,0.6648043567851816,16.321650357476372,3035.6004733461064,3.936774484391208,0.12968684512200473,4.145944966415924
Northwest,Irrigated,990001,LS,A1,April 1,38,6600.764212635798,19.97373941127115,96.68283936293639,78.73538570801124,-409.8937125909971,-8.504001506221535,-470.56498262551503,7927.752715958231,1326.9885033224336,16.738520370990656,-0.30889017618821113
Northwest,Irrigated,990001,LS,A10,April 10,38,6778.074253770699,20.293553227208204,96.25566923320325,78.72336047865753,-417.42826481685074,-8.326987521980193,-478.09953485136907,7927.752715958231,1149.6784621875322,14.501946558868797,-0.36308261704981043
Northwest,Irrigated,990001,LS,A20,April 20,38,6973.549150933446,20.904350806876913,97.17329395633372,79.97574095559541,-431.8181567918269,-8.07638446348007,-492.489426826345,7927.752715958231,954.2035650247853,12.036242794304291,-0.4525430134822546
Northwest,Irrigated,990001,LS,M1,May 1,38,7269.136167070985,20.03655732517667,96.64064972049363,74.67039341841578,-411.37365132239165,-7.088698495806258,-472.0449213569097,7927.752715958231,658.6165488872466,8.30773325663248,-0.6246026645055008
Northwest,Irrigated,990001,LS,M10,May 10,38,7558.478325071194,18.534326547832507,96.37169074992089,74.13247547727032,-375.98232148249355,-6.164944227401612,-436.6535915170116,7927.752715958231,369.27439088703704,4.657995829558398,-1.0181651659605837
Northwest,Irrigated,990001,LS,M20,May 20,38,7927.752715958231,15.937638434764267,90.46514080793166,65.10389199451535,-314.80647094945215,-5.025202414019724,-375.47774098397025,7927.752715958231,0.0,0.0,
Northwest,Irrigated,990002,MS,A1,April 1,38,7764.71158105685,11.367879238798526,95.76306670779022,65.87520865373716,-26.024769921438338,-0.36885202929841754,-33.92499169625725,8734.444626094293,969.7330450374429,11.102400742691183,-0.02683704557106588
Northwest,Irrigated,990002,MS,A10,April 10,38,7841.580107583588,12.94970480289485,96.71975530007384,71.12376278452774,-30.745388253109038,-0.43401570061715505,-38.64561002792838,8734.444626094293,892.8645185107052,10.222338760306044,-0.03443455038889017
Northwest,Irrigated,990002,MS,A20,April 20,38,7974.5291108532865,15.130819533804452,95.02162219175192,69.96624828604577,-37.254456266618156,-0.5513807422187544,-45.15467804143705,8734.444626094293,759.9155152410067,8.700215614977362,-0.04902447116743357
Northwest,Irrigated,990002,MS,M1,May 1,38,8135.232886826284,18.54650880708786,96.19765847484443,75.46144921421791,-47.447846590263,-0.6948891999374336,-55.34806836508189,8734.444626094293,599.2117392680093,6.860330163154903,-0.07918377341576249
Northwest,Irrigated,990002,MS,M10,May 10,38,8326.08981120135,19.683424744225295,96.11327918995886,79.88081426009914,-50.84072778793552,-0.7123636507727119,-58.740949562754466,8734.444626094293,408.354814892944,4.675223581737268,-0.12450135503181012
Northwest,Irrigated,990002,MS,M20,May 20,38,8734.444626094293,19.688809197342053,96.76721864782195,77.87153253876173,-50.8567965307007,-0.6555422753084147,-58.7570183055194,8734.444626094293,0.0,0.0,
Northwest,Irrigated,990003,SS,A1,April 1,38,4588.250342790845,5.050532102700109,69.53266713618034,35.73153340088188,-22.691562900546064,-0.5405028076062949,-22.691562900546064,5137.421949161481,549.1716063706363,10.689634057803465,-0.041319621475898946
Northwest,Irrigated,990003,SS,A10,April 10,38,4636.988134163063,6.151572681692622,76.32913075692073,42.229449713216546,-27.63843405119276,-0.6438665095103666,-27.63843405119276,5137.421949161481,500.4338149984187,9.740952173105002,-0.055228949808837545
Northwest,Irrigated,990003,SS,A20,April 20,38,4701.179675139753,8.619839679358718,88.17635270541082,53.88144710473578,-38.72812414601248,-0.8854590900305978,-38.72812414601248,5137.421949161481,436.242274021728,8.491462806416562,-0.08877664190812361
Northwest,Irrigated,990003,SS,M1,May 1,38,4659.994937242907,10.858606687058327,93.5766269380867,63.068241746651196,-48.78669249918137,-1.1927551470325413,-48.78669249918137,5137.421949161481,477.42701191857395,9.293124385013744,-0.10218670347772872
Northwest,Irrigated,990003,SS,M10,May 10,38,4800.272228667862,14.876795696656469,94.32549309144605,69.47579369264845,-66.84003555363566,-1.7118693544973858,-66.84003555363566,5137.421949161481,337.1497204936195,6.5626246749821355,-0.198250306883765
Northwest,Irrigated,990003,SS,M20,May 20,38,5137.421949161481,18.043486973947896,95.94979432549309,76.6585803185318,-81.06767985805523,-1.8677967484351492,-81.06767985805523,5137.421949161481,0.0,0.0,
Northwest,Irrigated,990004,VSS,A1,April 1,38,2222.9288049783777,1.2205210822312396,36.47989325643896,10.956861112945687,-8.966301442230971,-0.4312283468809987,-8.966301442230971,3241.861776183947,1018.9329712055692,31.43048783544909,-0.008799697031711838
Northwest,Irrigated,990004,VSS,A10,April 10,38,2315.1354814892943,1.6746819279720946,42.67760256217789,14.764151105065032,-12.302698580678344,-0.5676196791000537,-12.302698580678344,3241.861776183947,926.7262946946526,28.586237127775345,-0.013275439200451267
Northwest,Irrigated,990004,VSS,A20,April 20,38,2777.9015926590023,2.772028267060437,52.4522729669866,20.488345111275184,-20.364122677350025,-0.7882272220418302,-20.364122677350025,3241.861776183947,463.96018352494457,14.311535023898532,-0.04389196185464298
Northwest,Irrigated,990004,VSS,M1,May 1,38,2906.298017086805,4.385623879337622,62.20335407657419,29.907182786625885,-32.218063486868495,-1.236099424857629,-32.218063486868495,3241.861776183947,335.5637590971419,10.350958253751951,-0.09601174922331744
Northwest,Irrigated,990004,VSS,M10,May 10,38,3042.1394895053263,6.522576732412193,80.24997363147347,47.990718278662584,-47.91673819838965,-1.6953727444381113,-47.91673819838965,3241.861776183947,199.72228667862055,6.160728015792123,-0.23991683149259146
Northwest,Irrigated,990004,VSS,M20,May 20,38,3241.861776183947,11.282438561333194,91.4038603522835,65.16190275287417,-82.88406207570783,-2.89486348903537,-82.88406207570783,3241.861776183947,0.0,0.0,
Northwest,Rainfed,990001,LS,A1,April 1,38,2265.9538550785783,19.975517198161267,96.69037166136629,78.75393687095645,293.22868900403546,17.294871925882045,336.5991966338038,2376.3952642126355,110.44140913405727,4.6474343219434715,2.655061098035296
Northwest,Rainfed,990001,LS,A10,April 10,38,2208.3298702668494,20.498358908482963,96.23984811728722,78.43901768423697,302.03887889374334,18.53631166838898,345.40938652351167,2376.3952642126355,168.06539394578613,7.07228281745759,1.797150929186373
Northwest,Rainfed,990001,LS,A20,April 20,38,2176.439827022466,21.023662368361855,97.17329395633372,79.81162940322805,310.89055070930306,19.377528500084725,354.2610583390714,2376.3952642126355,199.9554371901695,8.414233111864924,1.5547991846484657
Northwest,Rainfed,990001,LS,M1,May 1,38,2166.5149773230673,19.88532959951104,97.04780681470903,74.64384159671286,291.7089749985932,18.906276523500466,335.0794826283616,2376.3952642126355,209.8802868895682,8.831876163459166,1.3898826770333148
Northwest,Rainfed,990001,LS,M10,May 10,38,2283.8937875751503,18.277421325566532,96.04472102098936,73.60641475589638,264.6147762401057,15.63675416668219,307.985283869874,2376.3952642126355,92.50147663748521,3.8925122445122136,2.8606546171920617
Northwest,Rainfed,990001,LS,M20,May 20,38,2376.3952642126355,15.8263316105896,90.12234996308406,64.3339310199346,223.31247499032585,13.029946205013966,266.6829826200942,2376.3952642126355,0.0,0.0,
Northwest,Rainfed,990002,MS,A1,April 1,38,2728.5201982913195,11.367788336772868,95.75852961314493,65.87520865373716,263.2780838399093,13.29072903006712,343.2010548545083,2947.381394367683,218.86119607636329,7.425615038983332,1.2029454675375548
Northwest,Rainfed,990002,MS,A10,April 10,38,2627.6721864782194,13.235522247340695,96.70546141551802,72.54431179587894,319.6662069562468,16.419560879918986,399.58917797084575,2947.381394367683,319.7092078894634,10.84722895043084,0.9998654998600119
Northwest,Rainfed,990002,MS,A20,April 20,38,2709.8409450479908,15.133830039673839,95.03744330766797,69.88968146919844,376.9773758016213,18.468282228697202,456.9003468162202,2947.381394367683,237.54044931969202,8.059372627296264,1.5870028741684712
Northwest,Rainfed,990002,MS,M1,May 1,38,2860.122402700137,18.571642935360313,96.19765847484443,75.36556404370981,480.7672228007407,20.31667874322429,560.6901938153396,2947.381394367683,87.25899166754562,2.960559900197977,5.509658243960127
Northwest,Rainfed,990002,MS,M10,May 10,38,2947.381394367683,19.834933448960577,96.11327918995886,79.69783162242385,518.9067996481385,20.82238742848036,598.8297706627376,2947.381394367683,0.0,0.0,
Northwest,Rainfed,990002,MS,M20,May 20,38,2906.573462714903,19.745643919417784,96.76721864782195,77.87680624406707,516.2110896455675,21.149553360424715,596.1340606601666,2947.381394367683,40.807931652779644,1.3845487296201917,12.649773432229459
Northwest,Rainfed,990003,SS,A1,April 1,38,2260.877808248075,5.050532102700109,69.53266713618034,35.73153340088188,61.12825250227182,5.415901260639991,61.12825250227182,2406.7317793481698,145.8539711000949,6.060250350772259,0.41910584978396964
Northwest,Rainfed,990003,SS,A10,April 10,38,2363.3258622508174,6.246173214340928,77.42345080013082,41.67692022159207,75.5994904408255,5.529819000135154,75.5994904408255,2406.7317793481698,43.40591709735236,1.8035211679927314,1.7416862837218308
Northwest,Rainfed,990003,SS,A20,April 20,38,2251.0725661850015,8.690363143431417,88.54799021597435,53.92747152759394,105.18232569675365,7.701851553946435,105.18232569675365,2406.7317793481698,155.65921316316826,6.467659358589864,0.6757218127943208
Northwest,Rainfed,990003,SS,M1,May 1,38,2307.600569560173,11.175576072883734,93.70319586541504,64.12606573915487,135.26167582943648,9.203673939587715,135.26167582943648,2406.7317793481698,99.1312097879968,4.118913899697004,1.3644711500919715
Northwest,Rainfed,990003,SS,M10,May 10,38,2341.243434236895,15.003187063078983,94.32549309144605,69.86718535109434,181.58851156304934,12.382756731604866,181.58851156304934,2406.7317793481698,65.48834511127461,2.721048754714629,2.772837078941344
Northwest,Rainfed,990003,SS,M20,May 20,38,2406.7317793481698,18.090212002953276,95.94979432549309,76.88534964666175,218.95179055390284,13.274165048935728,218.95179055390284,2406.7317793481698,0.0,0.0,
Northwest,Rainfed,990004,VSS,A1,April 1,38,1700.2963822381605,1.2205210822312396,36.47989325643896,10.956861112945687,37.79152923831863,3.130806833927936,37.79152923831863,2373.990876489822,673.6944942516614,28.37814167372811,0.05609594491386989
Northwest,Rainfed,990004,VSS,A10,April 10,38,1898.6969728931547,1.9152023596369256,45.652902093973175,15.003082475032443,59.30125011785982,4.151816967107132,59.30125011785982,2373.990876489822,475.2939035966672,20.020881642958788,0.12476753787311917
Northwest,Rainfed,990004,VSS,A20,April 20,38,2181.318637274549,2.7496413164035536,52.57165804352925,19.350798489935972,85.13834928093969,4.773422446966458,85.13834928093969,2373.990876489822,192.67223921527284,8.115963760575088,0.44188176577848637
Northwest,Rainfed,990004,VSS,M1,May 1,38,2298.5657103681046,4.34979974863565,62.86413432190695,29.90337207111496,134.68475618698957,7.008175899103986,134.68475618698957,2373.990876489822,75.42516612171721,3.1771464190814713,1.785673974779748
Northwest,Rainfed,990004,VSS,M10,May 10,38,2333.1994515346482,6.611095845912849,80.238943659593,48.11914564732895,204.70225840048778,9.583729483263038,204.70225840048778,2373.990876489822,40.791424955173625,1.7182637624744264,5.018266918241726
Northwest,Rainfed,990004,VSS,M20,May 20,38,2373.990876489822,11.296424427802975,91.4460499947263,65.26210315367578,349.77614091789246,15.378008422294933,349.77614091789246,2373.990876489822,0.0,0.0,
Southcentral,Irrigated,990001,LS,A1,April 1,38,5453.94664175231,15.180701754385964,85.21748157375688,53.91363022941971,-221.48964006042638,-11.763744443248191,-221.48964006042638,6361.080712135368,907.1340703830583,14.260691090626644,-0.24416417296166296
Southcentral,Irrigated,990001,LS,A10,April 10,38,5427.109571265442,17.55826326170456,87.44420222153015,58.216547285373196,-256.17876385705,-17.00783906706383,-256.17876385705,6361.080712135368,933.9711408699259,14.682585917957935,-0.27428980687608634
Southcentral,Irrigated,990001,LS,A20,April 20,38,5536.178656700924,20.157001972386592,91.86131007993356,66.23066542094882,-294.09490969489065,-16.472249131994772,-294.09490969489065,6361.080712135368,824.9020554344443,12.967954546791637,-0.35652100483614646
Southcentral,Irrigated,990001,LS,M1,May 1,38,5765.017076715457,22.57001972386588,94.81988996159035,71.87272916017855,-329.30134757119987,-13.461613284110356,-329.30134757119987,6361.080712135368,596.0636354199114,9.370477476928873,-0.5524600529257511
Southcentral,Irrigated,990001,LS,M10,May 10,38,5962.313453752725,24.073684210526313,94.73684210526315,72.36582580712135,-351.24012953994793,-12.53424698871694,-351.24012953994793,6361.080712135368,398.7672583826434,6.26886022090388,-0.8808148667083142
Southcentral,Irrigated,990001,LS,M20,May 20,38,6361.080712135368,22.528168794767986,96.23170351915292,67.20128724177307,-328.69073368970317,-9.602585021082836,-328.69073368970317,6361.080712135368,0.0,0.0,
Southcentral,Irrigated,990002,MS,A1,April 1,38,6948.838420014533,6.233499429045988,67.15457282258902,29.49236997819994,66.39998181842432,1.1182453249268112,66.39998181842432,6955.459047025848,6.620627011315264,0.09518605409870455,10.029258815659093
Southcentral,Irrigated,990002,MS,A10,April 10,38,6897.983494238555,7.495515415758331,71.02667912384511,33.24509498598567,79.84312712165323,1.363527242768937,79.84312712165323,6955.459047025848,57.475552787293054,0.8263373042483743,1.3891667543788337
Southcentral,Irrigated,990002,MS,A20,April 20,38,6728.80717325859,9.698022422921207,78.42831931900758,40.22111491747119,103.30449531382945,1.8141126158407634,103.30449531382945,6955.459047025848,226.6518737672577,3.25861847844786,0.4557848721776281
Southcentral,Irrigated,990002,MS,M1,May 1,38,6572.58382642998,14.312981418042147,83.73300114190802,52.392816360427695,152.4635907556173,2.96122746249235,152.4635907556173,6955.459047025848,382.8752205958681,5.5046722007454765,0.39820699422213446
Southcentral,Irrigated,990002,MS,M10,May 10,38,6651.6474099449815,18.83443371742967,88.32139520398631,63.24613308418976,200.62664168544694,3.8914096706314076,200.62664168544694,6955.459047025848,303.8116370808666,4.367959541229365,0.6603652302892054
Southcentral,Irrigated,990002,MS,M20,May 20,38,6955.459047025848,20.71518737672584,94.24374545832036,67.01962005605729,220.66065471515722,3.9714168655781,220.66065471515722,6955.459047025848,0.0,0.0,
Southcentral,Irrigated,990003,SS,A1,April 1,38,4216.835409529742,2.2767206477732795,48.56742447835566,16.10090314543756,0.7160676677169824,0.020237178274050027,0.7160676677169824,4229.4084397383995,12.573030208657656,0.297276330432521,0.056952672174755914
Southcentral,Irrigated,990003,SS,A10,April 10,38,4229.4084397383995,3.187475345167653,53.12986608533168,19.537008200975812,1.0025156307832324,0.03038453043113989,1.0025156307832324,4229.4084397383995,0.0,0.0,
Southcentral,Irrigated,990003,SS,A20,April 20,38,4177.777639364685,4.671265441710786,57.500259524551026,25.718883006332398,1.469193048960338,0.043079538914031115,1.469193048960338,4229.4084397383995,51.63080037371492,1.22075701860822,0.02845574808691712
Southcentral,Irrigated,990003,SS,M1,May 1,38,4124.236530675802,6.689608636977058,67.37257344544794,28.132461330841895,2.103996579160857,0.061486166765198864,2.103996579160857,4229.4084397383995,105.17190906259748,2.486681306880417,0.0200053093826468
Southcentral,Irrigated,990003,SS,M10,May 10,38,3956.2150939478875,10.719147721374444,77.80026990553307,41.87688155299491,3.3713556892744836,0.10961458375644079,3.3713556892744836,4229.4084397383995,273.193345790512,6.459374867266539,0.01234054833773177
Southcentral,Irrigated,990003,SS,M20,May 20,38,3998.395203986297,16.00495691892453,87.30405896397798,55.21644347555279,5.033833282996343,0.16113869253032323,5.033833282996343,4229.4084397383995,231.01323575210245,5.462069673422017,0.02179023754464913
Southcentral,Irrigated,990004,VSS,A1,April 1,38,2541.9527146268038,1.0783816048998236,23.663448562233985,6.882591093117407,-9.33190957792691,-0.3900193192486342,-9.33190957792691,2923.506903353057,381.5541887262534,13.0512497948487,-0.024457625820017145
Southcentral,Irrigated,990004,VSS,A10,April 10,38,2475.9095816464237,1.1359649122807016,28.45946226513028,5.584968338004774,-9.830213902884548,-0.4002602627589398,-9.830213902884548,2923.506903353057,447.59732170663347,15.310287832509331,-0.02196218213595013
Southcentral,Irrigated,990004,VSS,A20,April 20,38,2762.2430187895775,2.0421571680680994,40.44430603135057,12.841274784594622,-17.672061494499506,-0.7508528426724329,-17.672061494499506,2923.506903353057,161.26388456347968,5.516110954912449,-0.10958474392661118
Southcentral,Irrigated,990004,VSS,M1,May 1,38,2798.067891622548,2.740158829025226,46.0863697705803,17.9539084397384,-23.712305834442496,-1.0637075522594943,-23.712305834442496,2923.506903353057,125.43901173050926,4.29070345572434,-0.189034539632579
Southcentral,Irrigated,990004,VSS,M10,May 10,38,2923.506903353057,4.6492058548738715,56.82549569189245,27.85736530675802,-40.232482128514796,-1.699645075177985,-40.232482128514796,2923.506903353057,0.0,0.0,
Southcentral,Irrigated,990004,VSS,M20,May 20,38,2852.8833177618603,7.62937298868473,68.08886120627011,31.44399460188934,-66.0217297320252,-2.856173203048332,-66.0217297320252,2923.506903353057,70.62358559119684,2.4157146853389175,-0.9348396740175527
Southcentral,Rainfed,990001,LS,A1,April 1,38,2840.6788124156546,15.180701754385964,85.21748157375688,53.91363022941971,272.4578143582967,16.24474802715859,272.4578143582967,3202.951313194228,362.27250077857343,11.31058406308673,0.7520797570137048
Southcentral,Rainfed,990001,LS,A10,April 10,38,2904.301204193917,17.64959331380782,87.58434547908233,58.06775320945361,316.76859847428,17.995574175840716,316.76859847428,3202.951313194228,298.6501090003112,9.324216317933177,1.0606679486393555
Southcentral,Rainfed,990001,LS,A20,April 20,38,2984.2512197653896,20.427488966274392,91.86131007993356,66.61908716564588,366.62527771295794,19.519543248346597,366.62527771295794,3202.951313194228,218.7000934288385,6.8280804808966655,1.6763837269793025
Southcentral,Rainfed,990001,LS,M1,May 1,38,2943.170559534932,22.802636813332605,94.81988996159035,72.00310595471126,409.25358315347074,21.30185877541823,409.25358315347074,3202.951313194228,259.7807536592959,8.110668201204177,1.5753806907890082
Southcentral,Rainfed,990001,LS,M10,May 10,38,2908.261185508149,24.08665524758642,94.73684210526315,72.41773071732585,432.2986875137802,22.806874873704142,432.2986875137802,3202.951313194228,294.690127686079,9.200580928974267,1.4669601961498004
Southcentral,Rainfed,990001,LS,M20,May 20,38,3202.951313194228,22.524618498909998,96.23170351915292,67.20128724177307,404.26380972107484,18.136335578841077,404.26380972107484,3202.951313194228,0.0,0.0,
Southcentral,Rainfed,990002,MS,A1,April 1,38,4292.022371016298,6.233499429045988,67.15457282258902,29.49236997819994,159.97019657271895,5.8834439029578265,159.97019657271895,4419.292691788643,127.27032077234526,2.8798798732843034,1.2569324537090276
Southcentral,Rainfed,990002,MS,A10,April 10,38,4419.292691788643,7.58502583478931,70.93201864353995,33.110629927667425,194.65439719886217,6.790783752841503,194.65439719886217,4419.292691788643,0.0,0.0,
Southcentral,Rainfed,990002,MS,A20,April 20,38,4305.046195370082,9.855434499149075,79.1186546247275,41.892453026056266,252.91985859373423,9.040804702747945,252.91985859373423,4419.292691788643,114.24649641856104,2.5851760538703186,2.2138084450933206
Southcentral,Rainfed,990002,MS,M1,May 1,38,4027.9449807951837,14.437935993015554,85.03005327221503,53.97110970503306,370.5205214497813,15.322646292901622,370.5205214497813,4419.292691788643,391.3477109934597,8.855437697544026,0.9467808576398535
Southcentral,Rainfed,990002,MS,M10,May 10,38,4077.2399563998756,18.831999377141077,88.32139520398631,63.24613308418976,483.285300096617,18.82174800146729,483.285300096617,4419.292691788643,342.0527353887678,7.739988257042261,1.4128970480160847
Southcentral,Rainfed,990002,MS,M20,May 20,38,4071.4285788435586,20.71518737672584,94.24374545832036,67.01962005605729,531.6135237382554,19.9436662636104,531.6135237382554,4419.292691788643,347.8641129450848,7.871488430522847,1.5282218083305936
Southcentral,Rainfed,990003,SS,A1,April 1,38,3189.7393854458633,2.2767206477732795,48.56742447835566,16.10090314543756,24.691187184763006,1.275108176408775,24.691187184763006,3339.539811066127,149.80042562026392,4.48566072259043,0.16482721649505755
Southcentral,Rainfed,990003,SS,A10,April 10,38,3339.539811066127,3.1875292234308996,53.301535194081815,19.573341638118965,34.5689668996545,1.7874532269405339,34.5689668996545,3339.539811066127,0.0,0.0,
Southcentral,Rainfed,990003,SS,A20,April 20,38,3317.856327208554,4.675375201615547,57.793626515969045,25.846845618995136,50.704755708608275,2.537805672870679,50.704755708608275,3339.539811066127,21.683483857573265,0.6492955641888559,2.3384044760362124
Southcentral,Rainfed,990003,SS,M1,May 1,38,3234.732118758435,6.698923768695918,66.82809861889044,28.266766657690294,72.65027480253259,3.5703730340936213,72.65027480253259,3339.539811066127,104.80769230769238,3.1383872700182955,0.6931769338957233
Southcentral,Rainfed,990003,SS,M10,May 10,38,3040.426139312779,10.75032181044327,77.92484169002387,42.053358247690234,116.5879566198443,6.865007154418235,116.5879566198443,3339.539811066127,299.11367175334817,8.956733223008293,0.38977809317918366
Southcentral,Rainfed,990003,SS,M20,May 20,38,2993.4641337070484,16.00495691892453,87.30405896397798,55.21644347555279,173.5748246302135,9.649138029258372,173.5748246302135,3339.539811066127,346.0756773590788,10.362975048606959,0.5015516431399394
Southcentral,Rainfed,990004,VSS,A1,April 1,38,2191.0111076507837,1.0783816048998236,23.663448562233985,6.882591093117407,11.152333649733315,0.6501339524078142,11.152333649733315,2691.10910412125,500.0979964704661,18.583341556260212,0.02230029659875258
Southcentral,Rainfed,990004,VSS,A10,April 10,38,2300.3809301359906,1.2128215715792703,27.951312267152062,6.824561426212676,12.542675767454734,0.65170904356939,12.542675767454734,2691.10910412125,390.7281739852592,14.51922456012228,0.03210077133554214
Southcentral,Rainfed,990004,VSS,A20,April 20,38,2665.204090106924,2.0003007609284866,40.43066718792449,12.50229154656754,20.686574570939797,1.068365296243439,20.686574570939797,2691.10910412125,25.905014014325843,0.9626147811938982,0.798554849632578
Southcentral,Rainfed,990004,VSS,M1,May 1,38,2650.5066957334166,2.74917826735923,47.12220742255579,17.9539084397384,28.431265111420394,1.5258355822447425,28.431265111420394,2691.10910412125,40.60240838783329,1.5087611396228222,0.7002359278751543
Southcentral,Rainfed,990004,VSS,M10,May 10,38,2691.10910412125,4.638155299491332,56.81511470985156,27.810650887573964,47.96655950377725,2.3708893653983476,47.96655950377725,2691.10910412125,0.0,0.0,
Southcentral,Rainfed,990004,VSS,M20,May 20,38,2591.447991279975,7.629528703415343,68.07848022422922,31.44399460188934,78.90254183129301,3.9422712814335212,78.90254183129301,2691.10910412125,99.66111284127464,3.7033471697097102,0.7917084164708978
Southeast,Irrigated,990001,LS,A1,April 1,38,6092.058843670515,4.367242222657015,47.85756212091567,16.81177851692428,-72.17815498299849,-2.8946048279449808,-72.17815498299849,6982.835501858736,890.7766581882215,12.756661072011632,-0.0810283411891415
Southeast,Irrigated,990001,LS,A10,April 10,38,6134.536489923694,6.13744864018783,50.04402269614556,22.52983760516533,-101.43465751761228,-4.207020029192401,-101.43465751761228,6982.835501858736,848.2990119350425,12.148345922071869,-0.11957417855082864
Southeast,Irrigated,990001,LS,A20,April 20,38,6248.089463901389,7.733946390138916,58.486597534729015,29.862062218743883,-127.8202473592198,-4.77090627515751,-127.8202473592198,6982.835501858736,734.7460379573477,10.522173088020878,-0.1739652080527991
Southeast,Irrigated,990001,LS,M1,May 1,38,6369.461944824888,10.124828800626101,64.41987869301506,35.42848757581687,-167.33476759237487,-5.5479948735177,-167.33476759237487,6982.835501858736,613.3735570338486,8.784018424472077,-0.2728105339290664
Southeast,Irrigated,990001,LS,M10,May 10,38,6444.390432400704,11.856216982977891,67.60418704754451,40.17804734885541,-195.94971455208082,-6.419998490560068,-195.94971455208082,6982.835501858736,538.4450694580319,7.710980293244845,-0.363917743270103
Southeast,Irrigated,990001,LS,M20,May 20,38,6982.835501858736,12.143572686362749,70.48522793973781,38.1334376834279,-200.69889113462955,-5.560693483529238,-200.69889113462955,6982.835501858736,0.0,0.0,
Southeast,Irrigated,990002,MS,A1,April 1,38,7782.232537663862,1.0992809626296225,22.035805126198397,5.429465857953432,25.179767334680204,0.3993975535146432,25.179767334680204,7782.232537663862,0.0,0.0,
Southeast,Irrigated,990002,MS,A10,April 10,38,7708.290500880454,1.34864018783017,25.15652514185091,6.539816082958323,30.891507541920863,0.5092173847398602,30.891507541920863,7782.232537663862,73.94203678340818,0.9501391332827578,0.4177800461787197
Southeast,Irrigated,990002,MS,A20,April 20,38,7500.503423987478,2.432439835648601,33.3056153394639,10.237722559186068,55.71666498319582,1.0323467910440947,55.71666498319582,7782.232537663862,281.72911367638426,3.6201579985292516,0.19776679895140786
Southeast,Irrigated,990002,MS,M1,May 1,38,7414.280766973196,4.330277832126785,42.697123850518494,15.315006847974955,99.18791647828523,2.0069582194583746,99.18791647828523,7782.232537663862,367.9517706906663,4.728100437886957,0.26956771071410773
Southeast,Irrigated,990002,MS,M10,May 10,38,7486.211064370965,6.6715222070045,50.38153003326159,22.172764625317942,152.81568830108546,3.0661207296506445,152.81568830108546,7782.232537663862,296.0214732928971,3.8038117193264878,0.5162317672471101
Southeast,Irrigated,990002,MS,M20,May 20,38,7642.441107415379,8.826897867344943,60.203482684406175,32.6354920759147,202.18601262324947,3.6884770415984125,202.18601262324947,7782.232537663862,139.79143024848327,1.7962895553677078,1.4463405393582285
Southeast,Irrigated,990003,SS,A1,April 1,38,4469.081197417335,0.2086186656231657,7.630600665231851,0.6456662101350029,5.530593345315944,0.1680513383592287,5.530593345315944,4561.5026902758755,92.42149285854066,2.0261194420769066,0.05984098692044513
Southeast,Irrigated,990003,SS,A10,April 10,38,4501.01633731168,0.3892193308550186,9.905106632752885,0.8217569947172758,10.318414388592696,0.30883628700034843,10.318414388592696,4561.5026902758755,60.48635296419525,1.3260181363728867,0.1705907842501375
Southeast,Irrigated,990003,SS,A20,April 20,38,4508.752201134807,0.7294071610252397,15.79925650557621,3.2919193895519463,19.336977248616904,0.5163612338568867,19.336977248616904,4561.5026902758755,52.7504891410681,1.1564278862209287,0.36657436856945447
Southeast,Irrigated,990003,SS,M1,May 1,38,4561.5026902758755,1.1484738798669536,24.036392095480334,6.6278614752494605,30.446661991092817,0.7413690092663318,30.446661991092817,4561.5026902758755,0.0,0.0,
Southeast,Irrigated,990003,SS,M10,May 10,38,4444.3412248092345,2.943538446487967,35.29152807669732,10.384464879671295,78.03479183034439,2.161444922534403,78.03479183034439,4561.5026902758755,117.16146546664095,2.5684839716614336,0.6660448597116858
Southeast,Irrigated,990003,SS,M20,May 20,38,4532.359127372334,5.360536098610839,47.153198982586574,17.090588925846212,142.1107032093435,3.725055004519882,142.1107032093435,4561.5026902758755,29.14356290354135,0.6389026792786737,4.876229570135197
Southeast,Irrigated,990004,VSS,A1,April 1,38,2589.161416552534,0.07231950694580315,3.003326159264332,0.6456662101350027,-0.5919942736175257,-0.025413519696290115,-0.5919942736175257,3125.3636274701626,536.2022109176287,17.156474408440584,-0.0011040504152424462
Southeast,Irrigated,990004,VSS,A10,April 10,38,2504.9848366268834,0.05735179025630991,2.6511445900997845,0.5576208178438661,-0.46947127887490653,-0.020175477066776824,-0.46947127887490653,3125.3636274701626,620.3787908432791,19.849811567220648,-0.0007567494018239333
Southeast,Irrigated,990004,VSS,A20,April 20,38,2841.559283897476,0.21691938955194678,5.429465857953432,1.0858931715906865,-1.7756624992976915,-0.08336403852597941,-1.7756624992976915,3125.3636274701626,283.8043435726868,9.080682358948845,-0.006256643139934594
Southeast,Irrigated,990004,VSS,M1,May 1,38,2891.5013206808844,0.30458325180982193,10.394247701036978,0.9978477792995494,-2.493262862623582,-0.10827385075395049,-2.493262862623582,3125.3636274701626,233.86230678927814,7.4827231216797285,-0.010661242920476873
Southeast,Irrigated,990004,VSS,M10,May 10,38,3125.3636274701626,0.6299060849148895,18.049305419683037,1.8783017022109172,-5.156296149334953,-0.1946369745070558,-5.156296149334953,3125.3636274701626,0.0,0.0,
Southeast,Irrigated,990004,VSS,M20,May 20,38,3110.757288201917,1.4772304832713754,23.698884758364315,7.928976716885148,-12.092338897792269,-0.4430589385531288,-12.092338897792269,3125.3636274701626,14.606339268245392,0.4673484755458215,-0.8278829264277988
Southeast,Rainfed,990001,LS,A1,April 1,38,4639.599833692037,4.367242222657015,47.85756212091567,16.81177851692428,91.11800929035455,5.47791561041231,91.11800929035455,5276.16317746038,636.5633437683437,12.064891140738865,0.14314052196432153
Southeast,Rainfed,990001,LS,A10,April 10,38,5030.47285267071,6.136886479381042,49.98547773410862,22.539012561902464,128.0398133955321,6.101792869495911,128.0398133955321,5276.16317746038,245.69032478966983,4.656609671195386,0.5211430832904967
Southeast,Rainfed,990001,LS,A20,April 20,38,5063.986939933477,7.743054196830365,58.486597534729015,29.974564664449225,161.55084794295308,7.291926340722857,161.55084794295308,5276.16317746038,212.1762375269036,4.021411590022736,0.7613993434230292
Southeast,Rainfed,990001,LS,M1,May 1,38,4985.283995304246,10.134122480923498,64.41987869301506,35.56055566425357,211.43802410954535,9.256788591253622,211.43802410954535,5276.16317746038,290.87918215613445,5.513081615799186,0.7268929407125888
Southeast,Rainfed,990001,LS,M10,May 10,38,4923.943357464293,11.856216982977891,67.60418704754451,40.17804734885541,247.36775157531318,11.051759550192012,247.36775157531318,5276.16317746038,352.2198199960876,6.675680947487764,0.7023107091987637
Southeast,Rainfed,990001,LS,M20,May 20,38,5276.16317746038,12.143572686362749,70.48522793973781,38.1334376834279,253.36313225624272,9.64160798714545,253.36313225624272,5276.16317746038,0.0,0.0,
Southeast,Rainfed,990002,MS,A1,April 1,38,6437.613676384269,1.0992809626296225,22.035805126198397,5.429465857953432,49.03503347185864,1.1879911346541676,49.03503347185864,6811.84963803561,374.2359616513413,5.493896394331788,0.131027048430857
Southeast,Rainfed,990002,MS,A10,April 10,38,6811.84963803561,1.3486401878301701,25.15652514185091,6.539816082958323,60.1580660448746,1.3235892965725786,60.1580660448746,6811.84963803561,0.0,0.0,
Southeast,Rainfed,990002,MS,A20,April 20,38,6529.180639796517,2.435702406574056,33.41811778516924,10.237722559186068,108.64806459318844,2.8884177786422343,108.64806459318844,6811.84963803561,282.6689982390926,4.149665850824744,0.38436498261224106
Southeast,Rainfed,990002,MS,M1,May 1,38,6342.654617491685,4.33410780669145,42.8291919389552,15.315006847974955,193.32921118125833,5.842236124222872,193.32921118125833,6811.84963803561,469.19502054392524,6.887923918990539,0.4120444649159681
Southeast,Rainfed,990002,MS,M10,May 10,38,6356.62986695363,6.6715222070045,50.38153003326159,22.172764625317942,297.59299564886203,8.665923745383473,297.59299564886203,6811.84963803561,455.21977108198007,6.68276305660287,0.6537347772517306
Southeast,Rainfed,990002,MS,M20,May 20,38,6328.136861670905,8.826897867344943,60.203482684406175,32.6354920759147,393.7366761474319,10.402710908049013,393.7366761474319,6811.84963803561,483.71277636470495,7.101048937777159,0.8139885803854936
Southeast,Rainfed,990003,SS,A1,April 1,38,4160.40422617883,0.2086186656231657,7.630600665231851,0.6456662101350029,6.987627211575883,0.2524117639609629,6.987627211575883,4331.086382312659,170.68215613382927,3.940862431903068,0.040939412589192925
Southeast,Rainfed,990003,SS,A10,April 10,38,4331.086382312659,0.3892193308550186,9.905106632752885,0.8217569947172758,13.03679888580346,0.44494388542740554,13.03679888580346,4331.086382312659,0.0,0.0,
Southeast,Rainfed,990003,SS,A20,April 20,38,4327.898601056545,0.7294071610252397,15.79925650557621,3.2919193895519463,24.431300581247353,0.7618472385685485,24.431300581247353,4331.086382312659,3.187781256114249,0.07360234764960004,7.664045496969866
Southeast,Rainfed,990003,SS,M1,May 1,38,4325.2328311485035,1.1484738798669536,24.036392095480334,6.6278614752494605,38.467829859665926,1.1019173905100914,38.467829859665926,4331.086382312659,5.8535511641557605,0.1351520299401222,6.571708144489077
Southeast,Rainfed,990003,SS,M10,May 10,38,4150.641068284093,2.943538446487967,35.29152807669732,10.384464879671295,98.59304432592057,3.4203624860601707,98.59304432592057,4331.086382312659,180.44531402856592,4.166282962294878,0.5463873908652043
Southeast,Rainfed,990003,SS,M20,May 20,38,4185.341029152808,5.360536098610839,47.153198982586574,17.090588925846212,179.54974354475334,5.816875284807271,179.54974354475334,4331.086382312659,145.74535315985122,3.3650991990150043,1.231941462640157
Southeast,Rainfed,990004,VSS,A1,April 1,38,2524.696194482489,0.07231950694580315,3.003326159264332,0.6456662101350027,-0.2392100267150478,-0.010665852818426021,-0.2392100267150478,3106.8711602426138,582.1749657601249,18.738304092232237,-0.00041089026630116235
Southeast,Rainfed,990004,VSS,A10,April 10,38,2499.000489141068,0.05406582604054077,2.2557286492298165,0.5576208178438661,-0.17883263088643425,-0.007853346211746224,-0.17883263088643425,3106.8711602426138,607.8706711015457,19.565364630507478,-0.00029419519543912986
Southeast,Rainfed,990004,VSS,A20,April 20,38,2835.2331735472508,0.21586284484445314,5.25337507337116,1.0858931715906865,-0.7140059309409588,-0.034117526823786194,-0.7140059309409588,3106.8711602426138,271.637986695363,8.743136508890537,-0.0026285201846297855
Southeast,Rainfed,990004,VSS,M1,May 1,38,2877.334132263745,0.30458325180982193,10.394247701036978,0.9978477792995494,-1.007464941056457,-0.044513941915175194,-1.007464941056457,3106.8711602426138,229.537027978869,7.388044632045334,-0.004389117302456331
Southeast,Rainfed,990004,VSS,M10,May 10,38,3106.8711602426138,0.6299060849148895,18.049305419683037,1.8783017022109172,-2.083529849192449,-0.07970973728809878,-2.083529849192449,3106.8711602426138,0.0,0.0,
Southeast,Rainfed,990004,VSS,M20,May 20,38,3071.367687341029,1.4772304832713754,23.698884758364315,7.928976716885148,-4.886210626856813,-0.18204616006788255,-4.886210626856813,3106.8711602426138,35.5034729015847,1.1427404314639251,-0.13762627223543294
Southwest,Irrigated,990001,LS,A1,April 1,38,5692.018826711047,21.74097079820764,98.346161847306,79.09298939047223,-208.6739608064685,-5.233635254837847,-301.02656628437336,6731.888495943415,1039.8696692323683,15.446923546921282,-0.20067318720865432
Southwest,Irrigated,990001,LS,A10,April 10,38,5715.723528188059,23.108934886623675,98.97025171624713,82.13022675265238,-227.61485981959643,-5.86159542614382,-319.96746529750135,6731.888495943415,1016.164967755356,15.094797965945059,-0.22399400396805966
Southwest,Irrigated,990001,LS,A20,April 20,38,5794.545246515499,25.365987102142707,99.89598502184315,89.03682130226753,-258.8661173953733,-6.58267574092329,-351.21872287327807,6731.888495943415,937.3432494279168,13.9239271415852,-0.27617003435333376
Southwest,Irrigated,990001,LS,M1,May 1,38,6038.550967339297,26.267204077387145,99.73996255460786,88.09028500104014,-271.34441259447203,-6.3482713264329105,-363.6970180723769,6731.888495943415,693.3375286041182,10.299302031249004,-0.3913597654821368
Southwest,Irrigated,990001,LS,M10,May 10,38,6334.411587268567,26.50508633243187,99.3655086332432,88.18389848138132,-274.63814216527857,-6.004520605167119,-366.99074764318345,6731.888495943415,397.47690867484835,5.904389368813297,-0.6909537036526147
Southwest,Irrigated,990001,LS,M20,May 20,38,6731.888495943415,24.62618057000208,98.48138131890994,83.34720199708758,-248.62271924392553,-5.109983115131182,-340.9753247218301,6731.888495943415,0.0,0.0,
Southwest,Irrigated,990002,MS,A1,April 1,38,7157.982733513625,12.890148708398137,92.30858767472041,61.38006412605955,86.86192341698654,1.2399783594995852,109.47107900296128,7378.8752860411905,220.89255252756539,2.9935802404118896,0.39323156178453306
Southwest,Irrigated,990002,MS,A10,April 10,38,7070.914915747867,14.976388599958394,93.87351778656127,67.41210734345746,104.57955702654512,1.5416925109399557,127.18871261251991,7378.8752860411905,307.96037029332365,4.173540795246943,0.33958771035031554
Southwest,Irrigated,990002,MS,A20,April 20,38,7024.04691075515,17.374776367796965,94.15435822758477,77.59517370501352,124.9481425838035,1.9394425106842332,147.55729816977816,7378.8752860411905,354.8283752860407,4.808705412832748,0.35213683934684775
Southwest,Irrigated,990002,MS,M1,May 1,38,6974.999583940087,20.86798418972332,95.87060536717289,81.63095485749947,154.61461409617004,2.5455068996490584,177.2237696821448,7378.8752860411905,403.87570210110334,5.4734046374943555,0.38282722454411217
Southwest,Irrigated,990002,MS,M10,May 10,38,7020.10432702309,24.71714166840025,98.32535885167465,82.91033908882879,187.30402924376648,3.049663192626827,209.9131848297412,7378.8752860411905,358.77095901810026,4.86213609947842,0.5220713230423895
Southwest,Irrigated,990002,MS,M20,May 20,38,7378.8752860411905,24.722737674225087,99.73996255460786,85.68753900561681,187.35155397056457,2.860970735362797,209.96070955653923,7378.8752860411905,0.0,0.0,
Southwest,Irrigated,990003,SS,A1,April 1,38,4336.211150405658,5.942324974161359,78.42469315581442,38.56062257092005,-34.79422673913576,-0.8902841835033181,-34.79422673913576,4453.245995423341,117.03484501768253,2.6280794983695213,-0.2972980118346701
Southwest,Irrigated,990003,SS,A10,April 10,38,4453.245995423341,7.959548574994799,81.52693987934263,43.29103390888287,-46.60572066720721,-1.1661408764741275,-46.60572066720721,4453.245995423341,0.0,0.0,
Southwest,Irrigated,990003,SS,A20,April 20,38,4388.1410443103805,10.784023299355107,88.24630746827543,51.747451633035155,-63.14392993810282,-1.5836046126031307,-63.14392993810282,4453.245995423341,65.1049511129604,1.4619661967892548,-0.9698790776840441
Southwest,Irrigated,990003,SS,M1,May 1,38,4308.224152277929,14.1952257125026,91.81402121905555,63.677969627626375,-83.11761881110017,-2.1678063534871144,-83.11761881110017,4453.245995423341,145.02184314541228,3.2565423804221263,-0.5731386183511595
Southwest,Irrigated,990003,SS,M10,May 10,38,4191.313813189099,17.85508633243187,92.50052007489079,75.25483669648429,-104.54728157730133,-3.058510932794674,-104.54728157730133,4453.245995423341,261.93218223424174,5.881826032144482,-0.3991387415075494
Southwest,Irrigated,990003,SS,M20,May 20,38,4288.4543374245895,22.301643436654878,99.6463490742667,81.00686498855835,-130.58330565299318,-3.761867386152802,-130.58330565299318,4453.245995423341,164.79165799875136,3.7004840551837894,-0.7924145386897109
Southwest,Irrigated,990004,VSS,A1,April 1,38,2540.9502808404413,1.8791137923861034,46.66111920116497,13.438735177865613,-30.903724273365373,-1.283161330311519,-30.903724273365373,3049.8094445600163,508.859163719575,16.684949436012584,-0.06073138989474104
Southwest,Irrigated,990004,VSS,A10,April 10,38,2506.381422924901,2.597295610567922,54.337424589140824,16.538381526939876,-42.71487321876928,-1.8243260848963936,-42.71487321876928,3049.8094445600163,543.4280216351153,17.818425429970215,-0.07860263276495184
Southwest,Irrigated,990004,VSS,A20,April 20,38,2809.0223632203038,5.060328687330976,66.66319950072811,32.91033908882879,-83.2216777501812,-3.411746318867706,-83.2216777501812,3049.8094445600163,240.78708133971259,7.895151671498938,-0.34562351637448746
Southwest,Irrigated,990004,VSS,M1,May 1,38,2901.499271895153,7.335833159975037,77.4703557312253,43.42625338048679,-120.64440493697245,-4.894325420659236,-120.64440493697245,3049.8094445600163,148.31017266486333,4.862932434333104,-0.8134600801092232
Southwest,Irrigated,990004,VSS,M10,May 10,38,3049.8094445600163,10.702267526523821,86.71728728936966,55.37757437070938,-176.00845998767832,-6.837902135246844,-176.00845998767832,3049.8094445600163,0.0,0.0,
Southwest,Irrigated,990004,VSS,M20,May 20,38,2991.1040149781566,14.698034116912835,91.90763469939671,65.24859579779488,-241.72245212080347,-10.108597504609572,-241.72245212080347,3049.8094445600163,58.70542958185979,1.9248884446394974,-4.117548476223001
Southwest,Rainfed,990001,LS,A1,April 1,38,1824.7167672144788,21.718051201931097,98.346161847306,79.09298939047223,276.27816292009817,17.346389655417443,390.66397017407144,2129.167256084876,304.4504888703973,14.299040528653558,0.9074650001225917
Southwest,Rainfed,990001,LS,A10,April 10,38,1636.116080715623,23.080509613727344,98.97025171624713,80.93903181337623,300.78604382527146,21.66249896126808,415.1718510792447,2129.167256084876,493.0511753692531,23.15699595511713,0.6100503534952705
Southwest,Rainfed,990001,LS,A20,April 20,38,1673.5907010609528,25.243668741699814,99.89598502184315,87.90411508266288,339.69691686791657,23.057453033449367,454.0827241218899,2129.167256084876,455.5765550239232,21.39693599560796,0.7456417875807468
Southwest,Rainfed,990001,LS,M1,May 1,38,1690.84085708342,26.270509804082927,99.73996255460786,86.92006241936055,358.16771806635376,24.912148097643254,472.553525320327,2129.167256084876,438.32639900145614,20.58675276678137,0.8171255915278877
Southwest,Rainfed,990001,LS,M10,May 10,38,1800.960682338257,26.204206275229456,99.3655086332432,86.83694483013305,356.97505121159725,24.45898152055864,471.3608584655705,2129.167256084876,328.20657374661914,15.414785889114558,1.0876535687161093
Southwest,Rainfed,990001,LS,M20,May 20,38,2129.167256084876,24.177323955474986,98.48138131890994,80.94972609389085,320.5155232940783,18.013922383365422,434.9013305480516,2129.167256084876,0.0,0.0,
Southwest,Rainfed,990002,MS,A1,April 1,38,2510.3677969627624,12.8624003887463,92.30858767472041,61.38006412605955,213.1652267021879,10.511858930351234,272.1649076913448,2538.2959226128564,27.92812565009399,1.1002706737733516,7.632636338467294
Southwest,Rainfed,990002,MS,A10,April 10,38,2268.2259205325568,15.23189328861866,93.58543775441582,67.56168774094905,263.30305454754836,14.983886519663267,322.3027355367052,2538.2959226128564,270.0700020802997,10.639815463371843,0.9749437276238503
Southwest,Rainfed,990002,MS,A20,April 20,38,2115.5674017058454,17.171483791700787,93.74436585534983,75.87782781400793,304.3442641410718,19.52688313673562,363.34394513022875,2538.2959226128564,422.728520907011,16.654028284923733,0.7199520474465915
Southwest,Rainfed,990002,MS,M1,May 1,38,2145.0734345745786,20.70944018023367,95.66257541085918,80.19481560562937,379.20646285971327,23.61190384746352,438.2061438488703,2538.2959226128564,393.2224880382778,15.491593574066206,0.9643559928413856
Southwest,Rainfed,990002,MS,M10,May 10,38,2453.9858539629704,24.380231908384403,98.32535885167465,81.50871710022368,456.8794213784362,21.831237232053756,515.8791023675931,2538.2959226128564,84.31006864988603,3.3215224394758285,5.419037473160138
Southwest,Rainfed,990002,MS,M20,May 20,38,2538.2959226128564,24.67960090891637,99.73996255460786,85.69794050343248,463.21398832806403,21.30281244756663,522.213669317221,2538.2959226128564,0.0,0.0,
Southwest,Rainfed,990003,SS,A1,April 1,38,1848.7411067193675,5.940514482630907,78.42469315581442,38.549112716779746,92.92147686449108,7.4894353886130975,92.92147686449108,1949.9128354483043,101.17172872893684,5.1885257068773765,0.9184529910865697
Southwest,Rainfed,990003,SS,A10,April 10,38,1855.4587060536717,7.736542191424483,82.56420272045281,42.82737766442638,121.01492696525327,9.171504027263566,121.01492696525327,1949.9128354483043,94.45412939463267,4.844018033909538,1.2812031378707505
Southwest,Rainfed,990003,SS,A20,April 20,38,1761.4845017682546,10.668440389181091,87.8260660192049,50.97718833416774,166.87565356535558,12.835383271655262,166.87565356535558,1949.9128354483043,188.42833368004972,9.663423423577196,0.8856186875202618
Southwest,Rainfed,990003,SS,M1,May 1,38,1893.9473684210527,14.068115072752631,91.76420569647418,62.54894416835679,220.05333596642316,14.270176625385393,220.05333596642316,1949.9128354483043,55.965467027251634,2.8701522452609844,3.9319485328206256
Southwest,Rainfed,990003,SS,M10,May 10,38,1898.4590180986063,18.194072220210817,92.47052505793393,76.19996243547031,284.5915224723878,18.95485703949752,284.5915224723878,1949.9128354483043,51.453817349698056,2.6387752526316546,5.531008915008282
Southwest,Rainfed,990003,SS,M20,May 20,38,1949.9128354483043,22.373217449798034,99.6463490742667,80.67401705845641,349.96167650531834,20.873995211935075,349.96167650531834,1949.9128354483043,0.0,0.0,
Southwest,Rainfed,990004,VSS,A1,April 1,38,1634.223528188059,1.8791137923861034,46.66111920116497,13.438735177865613,39.96517855986798,3.5709377632906776,39.96517855986798,2072.251924277096,438.02839608903696,21.137796566015638,0.09123878478358823
Southwest,Rainfed,990004,VSS,A10,April 10,38,1772.2810484709798,3.328069122283979,58.282339332970146,22.770975620221574,70.78170426431161,6.252534548292805,70.78170426431161,2072.251924277096,299.97087580611606,14.475598854167345,0.23596192155021356
Southwest,Rainfed,990004,VSS,A20,April 20,38,1940.8272311212813,5.27057853593757,66.31795826853035,34.30451575388302,112.0951871866587,8.012609021573722,112.0951871866587,2072.251924277096,131.42469315581457,6.342119489244147,0.8529233319476792
Southwest,Rainfed,990004,VSS,M1,May 1,38,1967.3250468067401,7.302591176792411,77.23288496697424,43.682349205654035,155.31223362457143,10.01071276638553,155.31223362457143,2072.251924277096,104.92687747035575,5.063422851300256,1.480194944983955
Southwest,Rainfed,990004,VSS,M10,May 10,38,2033.7922820886206,10.729342563896642,86.71728728936966,55.51658353531591,228.19272208716498,12.651153216410323,228.19272208716498,2072.251924277096,38.4596421884753,1.8559346833224406,5.93330330451032
Southwest,Rainfed,990004,VSS,M20,May 20,38,2072.251924277096,14.788872431407901,91.90763469939671,65.49823174537133,314.53120604783675,16.869686957493634,314.53120604783675,2072.251924277096,0.0,0.0,
