region,planting_code,planting_label,scenario,cultivar_id,cultivar_label,n_years,n_sites,yield_mean_kg_ha,yield_sd_across_years,irrigation_mean_mm,seasonal_precip_mean_mm,best_yield_mean_kg_ha,yield_penalty_percent
Northcentral,APR01,Apr 01,Irrigated,990001,Long Season,38,512,6001.319952713816,1377.9115501848787,278.7661903782895,461.6412931743421,7201.0372121710525,16.660339672033604
Northcentral,APR01,Apr 01,Irrigated,990002,Medium Season,38,512,7193.840614720395,1373.4104837404336,213.29795435855263,396.3531558388158,7848.225020559211,8.337992401142811
Northcentral,APR01,Apr 01,Irrigated,990003,Short Season,38,512,4288.910618832237,776.1268769948255,139.64201274671052,338.0113075657895,4456.744500411184,3.76584032500546
Northcentral,APR01,Apr 01,Irrigated,990004,V. Short Season,38,512,2358.7732833059213,675.977149961435,69.30252878289474,288.4573910361842,2924.1726973684213,19.335363283137323
Northcentral,APR01,Apr 01,Rainfed,990001,Long Season,38,512,3023.9161698190787,2073.474666213855,0.0,455.91041324013156,3563.9499897203946,15.152676705872732
Northcentral,APR01,Apr 01,Rainfed,990002,Medium Season,38,512,4089.1806126644738,2172.665767788629,0.0,393.4283511513158,4326.049547697368,5.475409664666765
Northcentral,APR01,Apr 01,Rainfed,990003,Short Season,38,512,3166.4267064144738,1226.853213270914,0.0,337.95924136513156,3237.0057565789475,2.180380742945163
Northcentral,APR01,Apr 01,Rainfed,990004,V. Short Season,38,512,2129.0656352796054,510.7591339879068,0.0,288.4573910361842,2697.9737356085525,21.08649512856079
Northcentral,APR10,Apr 10,Irrigated,990001,Long Season,38,512,6075.6473581414475,1394.292216592646,276.08963815789474,552.7507195723684,7201.0372121710525,15.62816328913692
Northcentral,APR10,Apr 10,Irrigated,990002,Medium Season,38,512,7174.0826994243425,1458.1306404875186,212.61564555921052,485.79214638157896,7848.225020559211,8.58974251335665
Northcentral,APR10,Apr 10,Irrigated,990003,Short Season,38,512,4307.631990131579,837.7799212354547,149.65177837171052,429.39633018092104,4456.744500411184,3.3457720151076127
Northcentral,APR10,Apr 10,Irrigated,990004,V. Short Season,38,512,2359.460577713816,596.9202596319361,79.96761924342105,380.3706825657895,2924.1726973684213,19.31185939061712
Northcentral,APR10,Apr 10,Rainfed,990001,Long Season,38,512,3016.6950555098683,2180.375097704194,0.0,540.1876027960526,3563.9499897203946,15.35529218392485
Northcentral,APR10,Apr 10,Rainfed,990002,Medium Season,38,512,4225.355725740132,2290.194048655213,0.0,476.7358655427632,4326.049547697368,2.327616011953286
Northcentral,APR10,Apr 10,Rainfed,990003,Short Season,38,512,3190.4812397203946,1353.4896161506422,0.0,423.7689144736842,3237.0057565789475,1.4372701303973803
Northcentral,APR10,Apr 10,Rainfed,990004,V. Short Season,38,512,2204.7294921875,509.5394655859547,0.0,376.0697471217105,2697.9737356085525,18.282025392281916
Northcentral,APR20,Apr 20,Irrigated,990001,Long Season,38,512,6272.234837582237,1448.0186364124952,277.2923519736842,563.9465460526316,7201.0372121710525,12.898174904845266
Northcentral,APR20,Apr 20,Irrigated,990002,Medium Season,38,512,7064.59375,1560.77044099877,216.1119962993421,495.85814144736844,7848.225020559211,9.984821644466237
Northcentral,APR20,Apr 20,Irrigated,990003,Short Season,38,512,4245.990285773027,873.3285689228558,151.52780633223685,439.9879728618421,4456.744500411184,4.728882587249798
Northcentral,APR20,Apr 20,Irrigated,990004,V. Short Season,38,512,2763.6537314967104,690.5212984660465,89.20769942434211,398.2845908717105,2924.1726973684213,5.489380501232647
Northcentral,APR20,Apr 20,Rainfed,990001,Long Season,38,512,3127.856805098684,2212.0147466024487,0.0,554.0218955592105,3563.9499897203946,12.236231874171825
Northcentral,APR20,Apr 20,Rainfed,990002,Medium Season,38,512,4064.0632195723683,2331.042872445713,0.0,487.36898643092104,4326.049547697368,6.056017741739638
Northcentral,APR20,Apr 20,Rainfed,990003,Short Season,38,512,3160.474249588816,1382.1857497904982,0.0,434.9221833881579,3237.0057565789475,2.3642684859175085
Northcentral,APR20,Apr 20,Rainfed,990004,V. Short Season,38,512,2588.1421669407896,716.1819786921775,0.0,394.6299342105263,2697.9737356085525,4.0708909511674465
Northcentral,MAY01,May 01,Irrigated,990001,Long Season,38,512,6495.092156661184,1554.189781044151,278.30360814144734,578.0244140625,7201.0372121710525,9.803380189685642
Northcentral,MAY01,May 01,Irrigated,990002,Medium Season,38,512,7148.110608552632,1696.0004958789868,220.05293996710526,511.6659642269737,7848.225020559211,8.920672001281302
Northcentral,MAY01,May 01,Irrigated,990003,Short Season,38,512,4204.680612664473,935.1033784254513,158.77107319078948,458.99136513157896,4456.744500411184,5.6557850180429945
Northcentral,MAY01,May 01,Irrigated,990004,V. Short Season,38,512,2744.9953741776317,604.7777327899646,96.83002672697368,415.1087068256579,2924.1726973684213,6.127453530772597
Northcentral,MAY01,May 01,Rainfed,990001,Long Season,38,512,3183.4145764802633,2273.699966173254,0.0,574.4841180098684,3563.9499897203946,10.677349972298172
Northcentral,MAY01,May 01,Rainfed,990002,Medium Season,38,512,4067.1772717927633,2378.2897018617427,0.0,509.4946032072368,4326.049547697368,5.984034002624756
Northcentral,MAY01,May 01,Rainfed,990003,Short Season,38,512,3237.0057565789475,1349.51358606796,0.0,458.7718441611842,3237.0057565789475,0.0
Northcentral,MAY01,May 01,Rainfed,990004,V. Short Season,38,512,2594.8449835526317,679.9139829608469,0.0,415.51639597039474,2697.9737356085525,3.8224520385354745
Northcentral,MAY10,May 10,Irrigated,990001,Long Season,38,512,6669.3661081414475,1563.1581192027775,280.9583162006579,596.9639699835526,7201.0372121710525,7.383257277590301
Northcentral,MAY10,May 10,Irrigated,990002,Medium Season,38,512,7392.204615542763,1793.5396647468503,222.50719572368422,530.205232319079,7848.225020559211,5.810490955876729
Northcentral,MAY10,May 10,Irrigated,990003,Short Season,38,512,4200.271330180921,964.286647630826,166.8752569901316,476.65933388157896,4456.744500411184,5.754720069921012
Northcentral,MAY10,May 10,Irrigated,990004,V. Short Season,38,512,2924.1726973684213,757.3228227197008,106.89633018092105,431.84446957236844,2924.1726973684213,0.0
Northcentral,MAY10,May 10,Rainfed,990001,Long Season,38,512,3224.6122018914475,2257.9701230680466,0.0,591.7793996710526,3563.9499897203946,9.521395889608693
Northcentral,MAY10,May 10,Rainfed,990002,Medium Season,38,512,4124.673879523027,2572.90000861053,0.0,528.1385690789474,4326.049547697368,4.654955195358965
Northcentral,MAY10,May 10,Rainfed,990003,Short Season,38,512,3091.127569901316,1417.6556586294896,0.0,475.68868215460526,3237.0057565789475,4.506577919459867
Northcentral,MAY10,May 10,Rainfed,990004,V. Short Season,38,512,2697.9737356085525,827.647951207574,0.0,432.0727282072368,2697.9737356085525,0.0
Northcentral,MAY20,May 20,Irrigated,990001,Long Season,38,512,7201.0372121710525,1646.6145619036104,281.7691200657895,616.826171875,7201.0372121710525,0.0
Northcentral,MAY20,May 20,Irrigated,990002,Medium Season,38,512,7848.225020559211,1885.656326905304,226.806640625,552.4097964638158,7848.225020559211,0.0
Northcentral,MAY20,May 20,Irrigated,990003,Short Season,38,512,4456.744500411184,1142.8664707706084,175.5602384868421,500.63795230263156,4456.744500411184,0.0
Northcentral,MAY20,May 20,Irrigated,990004,V. Short Season,38,512,2923.5810546875,740.4675978596619,118.53926809210526,451.04368832236844,2924.1726973684213,0.020232822823826744
Northcentral,MAY20,May 20,Rainfed,990001,Long Season,38,512,3563.9499897203946,2427.7482931613017,0.0,609.7348889802631,3563.9499897203946,0.0
Northcentral,MAY20,May 20,Rainfed,990002,Medium Season,38,512,4326.049547697368,2758.6807113997306,0.0,549.7430612664474,4326.049547697368,0.0
Northcentral,MAY20,May 20,Rainfed,990003,Short Season,38,512,3091.227847450658,1601.6094666056558,0.0,500.10829564144734,3237.0057565789475,4.5034800704944065
Northcentral,MAY20,May 20,Rainfed,990004,V. Short Season,38,512,2629.682257401316,915.4923290248049,0.0,450.95811060855266,2697.9737356085525,2.53121360322779
Northeast,APR01,Apr 01,Irrigated,990001,Long Season,38,467,6465.37011157444,1512.0876170013514,196.4738532627071,561.4317029189676,7626.696607686239,15.227123299246049
Northeast,APR01,Apr 01,Irrigated,990002,Medium Season,38,467,7853.834497915023,1526.409311660764,149.13924264623014,482.383015890905,8197.239546940154,4.189276732230139
Northeast,APR01,Apr 01,Irrigated,990003,Short Season,38,467,4527.385946128705,663.0519672836606,98.65462639468049,421.0503211991434,4819.983996393554,6.0705191237933365
Northeast,APR01,Apr 01,Irrigated,990004,V. Short Season,38,467,2419.287388707314,578.5290329046372,54.971542882903194,368.0318381607123,3125.4801081933956,22.5946956960247
Northeast,APR01,Apr 01,Rainfed,990001,Long Season,38,467,4566.098162966303,2423.3312063726576,0.0,560.6518088583342,5473.686577256846,16.580935014832068
Northeast,APR01,Apr 01,Rainfed,990002,Medium Season,38,467,6213.56102783726,2518.781044700233,0.0,482.1377211766032,6465.524512566211,3.897030847833653
Northeast,APR01,Apr 01,Rainfed,990003,Short Season,38,467,4058.5009579623575,1168.5695611528333,0.0,421.0503211991434,4228.865209061197,4.028604428767309
Northeast,APR01,Apr 01,Rainfed,990004,V. Short Season,38,467,2338.3436267327847,528.0994176117696,0.0,368.0318381607123,3035.6004733461064,22.969321975521492
Northeast,APR10,Apr 10,Irrigated,990001,Long Season,38,467,6629.434914910402,1548.2838507994252,184.7669897441677,681.9027949960555,7626.696607686239,13.075932400022177
Northeast,APR10,Apr 10,Irrigated,990002,Medium Season,38,467,7733.7002704834895,1559.0036073431836,143.6239152485067,598.2485630564634,8197.239546940154,5.654821648218073
Northeast,APR10,Apr 10,Irrigated,990003,Short Season,38,467,4566.117660317818,754.606241000746,101.73841992561704,540.5782711596979,4819.983996393554,5.266953920711881
Northeast,APR10,Apr 10,Irrigated,990004,V. Short Season,38,467,2424.8014200383186,479.82246054827596,59.13867913896089,490.64335624929555,3125.4801081933956,22.418273797944167
Northeast,APR10,Apr 10,Rainfed,990001,Long Season,38,467,4877.844133889327,2585.8849897407717,0.0,679.061140538713,5473.686577256846,10.885578393239447
Northeast,APR10,Apr 10,Rainfed,990002,Medium Season,38,467,6465.524512566211,2513.267982351401,0.0,597.830102558323,6465.524512566211,0.0
Northeast,APR10,Apr 10,Rainfed,990003,Short Season,38,467,4200.670348247492,1203.1337047144573,0.0,540.5778203538825,4228.865209061197,0.666724036351202
Northeast,APR10,Apr 10,Rainfed,990004,V. Short Season,38,467,2398.26749690071,450.2517415833638,0.0,490.64335624929555,3035.6004733461064,20.995285184643286
Northeast,APR20,Apr 20,Irrigated,990001,Long Season,38,467,6768.546320297532,1564.6684680310516,185.92499718246367,697.2962921221683,7626.696607686239,11.251926378241631
Northeast,APR20,Apr 20,Irrigated,990002,Medium Season,38,467,7556.062774709793,1648.5661056618026,147.9248844810098,611.3560238927082,8197.239546940154,7.8218620861177355
Northeast,APR20,Apr 20,Irrigated,990003,Short Season,38,467,4544.388369209963,803.285442447409,103.73605319508621,551.401667981517,4819.983996393554,5.717770585748823
Northeast,APR20,Apr 20,Irrigated,990004,V. Short Season,38,467,2786.0936549081484,588.9572226851494,62.590161163079,506.89552575228225,3125.4801081933956,10.858698233130683
Northeast,APR20,Apr 20,Rainfed,990001,Long Season,38,467,4950.243773244675,2701.686399388685,0.0,694.1950298658852,5473.686577256846,9.562893246154696
Northeast,APR20,Apr 20,Rainfed,990002,Medium Season,38,467,6259.340076636989,2529.7056711349574,0.0,610.6805477290658,6465.524512566211,3.1889823560097623
Northeast,APR20,Apr 20,Rainfed,990003,Short Season,38,467,4185.76952552688,1224.7292676047637,0.0,551.401667981517,4228.865209061197,1.0190838772060073
Northeast,APR20,Apr 20,Rainfed,990004,V. Short Season,38,467,2746.9124873210862,597.1283141292727,0.0,506.89992110898237,3035.6004733461064,9.51007843620484
Northeast,MAY01,May 01,Irrigated,990001,Long Season,38,467,6910.169221232954,1635.1999023426374,186.81111236334948,719.9780795672265,7626.696607686239,9.394990037117292
Northeast,MAY01,May 01,Irrigated,990002,Medium Season,38,467,7674.631973402456,1872.4847114606105,153.21480897103572,628.5482925729742,8197.239546940154,6.3754093136484675
Northeast,MAY01,May 01,Irrigated,990003,Short Season,38,467,4534.148371463992,896.220962866871,110.63760847514932,569.2478868477403,4819.983996393554,5.930219377147979
Northeast,MAY01,May 01,Irrigated,990004,V. Short Season,38,467,2824.8186070100305,499.23505654633135,68.54220669446636,523.8668995830046,3125.4801081933956,9.619690120413367
Northeast,MAY01,May 01,Rainfed,990001,Long Season,38,467,5012.06981855066,2931.574778938858,0.0,715.0032119914347,5473.686577256846,8.433379445293832
Northeast,MAY01,May 01,Rainfed,990002,Medium Season,38,467,6151.6206469063445,2683.9933952011893,0.0,627.284627521695,6465.524512566211,4.855040995510451
Northeast,MAY01,May 01,Rainfed,990003,Short Season,38,467,4133.131015440099,1301.7262265300617,0.0,569.2476050941057,4228.865209061197,2.263827028962001
Northeast,MAY01,May 01,Rainfed,990004,V. Short Season,38,467,2783.8269469176153,500.232185196696,0.0,523.8668995830046,3035.6004733461064,8.294027117177384
Northeast,MAY10,May 10,Irrigated,990001,Long Season,38,467,7072.062718359067,1741.225275540527,188.20015778203538,746.8377662571847,7626.696607686239,7.2722689502058895
Northeast,MAY10,May 10,Irrigated,990002,Medium Season,38,467,7952.859404936324,1870.8569187563837,156.78885382621434,650.1555280063113,8197.239546940154,2.9812492437780764
Northeast,MAY10,May 10,Irrigated,990003,Short Season,38,467,4530.493237912769,971.8664853923856,119.97774146286486,588.719091626282,4819.983996393554,6.006052275223118
Northeast,MAY10,May 10,Irrigated,990004,V. Short Season,38,467,3075.219767835005,686.7750319715208,74.6280852022991,540.7567339118675,3125.4801081933956,1.6080838341166874
Northeast,MAY10,May 10,Rainfed,990001,Long Season,38,467,5123.9811225064805,3048.816803787276,0.0,740.1429617942072,5473.686577256846,6.388846891661482
Northeast,MAY10,May 10,Rainfed,990002,Medium Season,38,467,6303.792572974191,2910.2696246207506,0.0,648.3410345993464,6465.524512566211,2.501451185865628
Northeast,MAY10,May 10,Rainfed,990003,Short Season,38,467,4044.5786092640597,1351.5099801400893,0.0,588.4349149104023,4228.865209061197,4.357826288770469
Northeast,MAY10,May 10,Rainfed,990004,V. Short Season,38,467,3035.6004733461064,711.1585134072349,0.0,540.7567339118675,3035.6004733461064,0.0
Northeast,MAY20,May 20,Irrigated,990001,Long Season,38,467,7626.696607686239,1766.1746065603165,189.649780232165,778.5682970810324,7626.696607686239,0.0
Northeast,MAY20,May 20,Irrigated,990002,Medium Season,38,467,8197.239546940154,1987.438715231291,161.3659416206469,676.2628197903753,8197.239546940154,0.0
Northeast,MAY20,May 20,Irrigated,990003,Short Season,38,467,4819.983996393554,1213.281571732623,130.0602952778091,613.4919418460498,4819.983996393554,0.0
Northeast,MAY20,May 20,Irrigated,990004,V. Short Season,38,467,3125.4801081933956,682.7621757489335,86.25042263045194,564.3849881663473,3125.4801081933956,0.0
Northeast,MAY20,May 20,Rainfed,990001,Long Season,38,467,5473.686577256846,3220.844666244496,0.0,770.7162740899357,5473.686577256846,0.0
Northeast,MAY20,May 20,Rainfed,990002,Medium Season,38,467,6374.6174349149105,3286.1576156930582,0.0,674.4101205905556,6465.524512566211,1.406027886440093
Northeast,MAY20,May 20,Rainfed,990003,Short Season,38,467,4228.865209061197,1575.7991857301602,0.0,613.4457342499718,4228.865209061197,0.0
Northeast,MAY20,May 20,Rainfed,990004,V. Short Season,38,467,3031.6636988617156,746.9062300551183,0.0,564.3849881663473,3035.6004733461064,0.12968684512198977
Northwest,APR01,Apr 01,Irrigated,990001,Long Season,38,499,6600.764212635798,1417.8671658044434,369.1250922898428,364.6905389726822,7927.752715958231,16.738520370990656
Northwest,APR01,Apr 01,Irrigated,990002,Medium Season,38,499,7764.71158105685,1491.6146901707552,280.81689695179836,317.5095454066027,8734.444626094293,11.102400742691183
Northwest,APR01,Apr 01,Irrigated,990003,Short Season,38,499,4588.250342790845,967.411833173229,198.20825862250817,263.64355025841155,5137.421949161481,10.689634057803465
Northwest,APR01,Apr 01,Irrigated,990004,V. Short Season,38,499,2222.9288049783777,727.9833780460026,95.07435924480541,219.72038814471048,3241.861776183947,31.43048783544909
Northwest,APR01,Apr 01,Rainfed,990001,Long Season,38,499,2265.9538550785783,1664.1155642945923,0.0,362.7592553528109,2376.3952642126355,4.6474343219434715
Northwest,APR01,Apr 01,Rainfed,990002,Medium Season,38,499,2728.5201982913195,1478.8367290395042,0.0,316.70129733150515,2947.381394367683,7.425615038983332
Northwest,APR01,Apr 01,Rainfed,990003,Short Season,38,499,2260.877808248075,1021.8304521161343,0.0,263.45601729775336,2406.7317793481698,6.060250350772259
Northwest,APR01,Apr 01,Rainfed,990004,V. Short Season,38,499,1700.2963822381605,611.1658940363932,0.0,219.72033540765742,2373.990876489822,28.37814167372811
Northwest,APR10,Apr 10,Irrigated,990001,Long Season,38,499,6778.074253770699,1253.748435727082,382.87627887353653,430.0751503006012,7927.752715958231,14.501946558868797
Northwest,APR10,Apr 10,Irrigated,990002,Medium Season,38,499,7841.580107583588,1383.4386622140992,290.88176352705415,383.8153148402067,8734.444626094293,10.222338760306044
Northwest,APR10,Apr 10,Irrigated,990003,Short Season,38,499,4636.988134163063,857.200986323189,209.7088914671448,330.2838308195338,5137.421949161481,9.740952173105002
Northwest,APR10,Apr 10,Irrigated,990004,V. Short Season,38,499,2315.1354814892943,619.8506119620267,109.19338677354709,286.428963189537,3241.861776183947,28.586237127775345
Northwest,APR10,Apr 10,Rainfed,990001,Long Season,38,499,2208.3298702668494,1681.8274509783403,0.0,416.99356607952745,2376.3952642126355,7.07228281745759
Northwest,APR10,Apr 10,Rainfed,990002,Medium Season,38,499,2627.6721864782194,1488.0842210350324,0.0,373.890517877861,2947.381394367683,10.84722895043084
Northwest,APR10,Apr 10,Rainfed,990003,Short Season,38,499,2363.3258622508174,1235.1345762821459,0.0,323.06803079843894,2406.7317793481698,1.8035211679927314
Northwest,APR10,Apr 10,Rainfed,990004,V. Short Season,38,499,1898.6969728931547,634.157592140781,0.0,280.885560594874,2373.990876489822,20.020881642958788
Northwest,APR20,Apr 20,Irrigated,990001,Long Season,38,499,6973.549150933446,1236.8730716052255,384.29886087965406,437.4595506803079,7927.752715958231,12.036242794304291
Northwest,APR20,Apr 20,Irrigated,990002,Medium Season,38,499,7974.5291108532865,1557.1101417449354,292.20150827971736,392.5914987870478,8734.444626094293,8.700215614977362
Northwest,APR20,Apr 20,Irrigated,990003,Short Season,38,499,4701.179675139753,894.0652509092929,216.16390676089023,342.7890517877861,5137.421949161481,8.491462806416562
Northwest,APR20,Apr 20,Irrigated,990004,V. Short Season,38,499,2777.9015926590023,722.3950152267213,124.38956861090601,299.5036388566607,3241.861776183947,14.311535023898532
Northwest,APR20,Apr 20,Rainfed,990001,Long Season,38,499,2176.439827022466,1616.9841022854318,0.0,424.2501845796857,2376.3952642126355,8.414233111864924
Northwest,APR20,Apr 20,Rainfed,990002,Medium Season,38,499,2709.8409450479908,1770.3204123830524,0.0,382.75234679886086,2947.381394367683,8.059372627296264
Northwest,APR20,Apr 20,Rainfed,990003,Short Season,38,499,2251.0725661850015,1250.5707876539848,0.0,335.266269380867,2406.7317793481698,6.467659358589864
Northwest,APR20,Apr 20,Rainfed,990004,V. Short Season,38,499,2181.318637274549,738.9974024928949,0.0,293.48887248180574,2373.990876489822,8.115963760575088
Northwest,MAY01,May 01,Irrigated,990001,Long Season,38,499,7269.136167070985,1287.1467978908518,386.19475793692646,447.1244067081531,7927.752715958231,8.30773325663248
Northwest,MAY01,May 01,Irrigated,990002,Medium Season,38,499,8135.232886826284,1581.9823881827388,294.20683472207577,403.3542347853602,8734.444626094293,6.860330163154903
Northwest,MAY01,May 01,Irrigated,990003,Short Season,38,499,4659.994937242907,892.5405162675991,216.85476215589074,356.1004640860669,5137.421949161481,9.293124385013744
Northwest,MAY01,May 01,Irrigated,990004,V. Short Season,38,499,2906.298017086805,731.9906140582566,131.52621031536756,314.18278662588335,3241.861776183947,10.350958253751951
Northwest,MAY01,May 01,Rainfed,990001,Long Season,38,499,2166.5149773230673,1526.773956726217,0.0,441.4519038076152,2376.3952642126355,8.831876163459166
Northwest,MAY01,May 01,Rainfed,990002,Medium Season,38,499,2860.122402700137,1846.3418786656564,0.0,400.87200717223925,2947.381394367683,2.960559900197977
Northwest,MAY01,May 01,Rainfed,990003,Short Season,38,499,2307.600569560173,1203.4917003255268,0.0,354.248496993988,2406.7317793481698,4.118913899697004
Northwest,MAY01,May 01,Rainfed,990004,V. Short Season,38,499,2298.5657103681046,836.7542414452508,0.0,313.52330977744964,2373.990876489822,3.1771464190814713
Northwest,MAY10,May 10,Irrigated,990001,Long Season,38,499,7558.478325071194,1372.952794759741,388.2145870688746,458.88476953907815,7927.752715958231,4.657995829558398
Northwest,MAY10,May 10,Irrigated,990002,Medium Season,38,499,8326.08981120135,1654.0853149384734,300.06196603733787,414.7403227507647,8734.444626094293,4.675223581737268
Northwest,MAY10,May 10,Irrigated,990003,Short Season,38,499,4800.272228667862,911.1724540095273,222.86546777766057,371.0271068452695,5137.421949161481,6.5626246749821355
Northwest,MAY10,May 10,Irrigated,990004,V. Short Season,38,499,3042.1394895053268,749.574378039734,143.7480223605105,328.8670498892522,3241.861776183947,6.160728015792109
Northwest,MAY10,May 10,Rainfed,990001,Long Season,38,499,2283.8937875751503,1533.9590046947028,0.0,450.4451007277713,2376.3952642126355,3.8925122445122136
Northwest,MAY10,May 10,Rainfed,990002,Medium Season,38,499,2947.381394367683,2091.727863610248,0.0,413.34189431494565,2947.381394367683,0.0
Northwest,MAY10,May 10,Rainfed,990003,Short Season,38,499,2341.243434236895,1340.271285953878,0.0,370.2109482122139,2406.7317793481698,2.721048754714629
Northwest,MAY10,May 10,Rainfed,990004,V. Short Season,38,499,2333.1994515346482,931.465868316138,0.0,328.9461027317794,2373.990876489822,1.7182637624744264
Northwest,MAY20,May 20,Irrigated,990001,Long Season,38,499,7927.752715958231,1333.6707887745422,389.52378441092714,471.95839046514084,7927.752715958231,0.0
Northwest,MAY20,May 20,Irrigated,990002,Medium Season,38,499,8734.444626094293,1765.3136520758337,305.76284147241853,427.28203775973,8734.444626094293,0.0
Northwest,MAY20,May 20,Irrigated,990003,Short Season,38,499,5137.421949161481,1113.77255219538,228.58348275498366,394.01397531905917,5137.421949161481,0.0
Northwest,MAY20,May 20,Irrigated,990004,V. Short Season,38,499,3241.861776183947,732.8348031242059,154.75951903807615,349.0450374433077,3241.861776183947,0.0
Northwest,MAY20,May 20,Rainfed,990001,Long Season,38,499,2376.3952642126355,1734.6390462491493,0.0,459.7559329184685,2376.3952642126355,0.0
Northwest,MAY20,May 20,Rainfed,990002,Medium Season,38,499,2906.573462714903,2103.0511740886323,0.0,426.0054319164645,2947.381394367683,1.3845487296201917
Northwest,MAY20,May 20,Rainfed,990003,Short Season,38,499,2406.7317793481698,1507.1107705831869,0.0,393.61807826178676,2406.7317793481698,0.0
Northwest,MAY20,May 20,Rainfed,990004,V. Short Season,38,499,2373.990876489822,941.7834149171339,0.0,348.7775551102204,2373.990876489822,0.0
Southcentral,APR01,Apr 01,Irrigated,990001,Long Season,38,507,5453.94664175231,1443.019348165354,290.921831205232,446.06254541679647,6361.080712135368,14.260691090626644
Southcentral,APR01,Apr 01,Irrigated,990002,Medium Season,38,507,6948.838420014533,1307.3340397456116,217.38814491850925,385.520554344441,6955.459047025849,0.09518605409871762
Southcentral,APR01,Apr 01,Irrigated,990003,Short Season,38,507,4216.835409529742,717.7405244931383,136.94072459254645,335.70087200249145,4229.4084397383995,0.297276330432521
Southcentral,APR01,Apr 01,Irrigated,990004,V. Short Season,38,507,2541.9527146268038,769.637825534437,75.82399044949652,288.4826637599917,2923.506903353057,13.0512497948487
Southcentral,APR01,Apr 01,Rainfed,990001,Long Season,38,507,2840.6788124156546,2011.1392479989981,0.0,443.42894217792997,3202.951313194228,11.31058406308673
Southcentral,APR01,Apr 01,Rainfed,990002,Medium Season,38,507,4292.022371016298,2378.5278346553487,0.0,384.1405584968338,4419.292691788643,2.8798798732843034
Southcentral,APR01,Apr 01,Rainfed,990003,Short Season,38,507,3189.739385445863,1170.3174301177141,0.0,335.69879580608324,3339.539811066127,4.485660722590444
Southcentral,APR01,Apr 01,Rainfed,990004,V. Short Season,38,507,2191.0111076507837,657.4238237693924,0.0,288.46024083878336,2691.10910412125,18.583341556260212
Southcentral,APR10,Apr 10,Irrigated,990001,Long Season,38,507,5427.109571265442,1474.4334207489062,284.3338004775252,554.9806913734039,6361.080712135368,14.682585917957935
Southcentral,APR10,Apr 10,Irrigated,990002,Medium Season,38,507,6897.983494238555,1398.4966895948342,211.647461849891,493.6910100695526,6955.459047025849,0.8263373042483872
Southcentral,APR10,Apr 10,Irrigated,990003,Short Season,38,507,4229.4084397383995,824.1087251123947,146.69495484272812,446.2999065711616,4229.4084397383995,0.0
Southcentral,APR10,Apr 10,Irrigated,990004,V. Short Season,38,507,2475.9095816464237,632.8137628662691,81.66069760199315,398.2276030312467,2923.506903353057,15.310287832509331
Southcentral,APR10,Apr 10,Rainfed,990001,Long Season,38,507,2904.3012041939164,2032.005068378484,0.0,541.1683276237932,3202.951313194228,9.32421631793319
Southcentral,APR10,Apr 10,Rainfed,990002,Medium Season,38,507,4419.292691788643,2457.4766629601318,0.0,484.5264715042043,4419.292691788643,0.0
Southcentral,APR10,Apr 10,Rainfed,990003,Short Season,38,507,3339.539811066127,1263.5133647875653,0.0,439.49024187688156,3339.539811066127,0.0
Southcentral,APR10,Apr 10,Rainfed,990004,V. Short Season,38,507,2300.3809301359906,663.7855759802071,0.0,392.6832243330219,2691.10910412125,14.51922456012228
Southcentral,APR20,Apr 20,Irrigated,990001,Long Season,38,507,5536.178656700924,1480.8480403498654,286.2426035502959,567.1010588601682,6361.080712135368,12.967954546791637
Southcentral,APR20,Apr 20,Irrigated,990002,Medium Season,38,507,6728.80717325859,1562.6862423206812,215.51308003737154,504.7251635004672,6955.459047025849,3.2586184784478727
Southcentral,APR20,Apr 20,Irrigated,990003,Short Season,38,507,4177.777639364685,843.6381523698416,148.37667393335408,454.733001141908,4229.4084397383995,1.22075701860822
Southcentral,APR20,Apr 20,Irrigated,990004,V. Short Season,38,507,2762.2430187895775,624.372464802504,87.36634485622339,418.68405481158516,2923.506903353057,5.516110954912449
Southcentral,APR20,Apr 20,Rainfed,990001,Long Season,38,507,2984.2512197653896,2031.7060857141075,0.0,561.9843766220284,3202.951313194228,6.8280804808966655
Southcentral,APR20,Apr 20,Rainfed,990002,Medium Season,38,507,4305.046195370082,2423.220058844226,0.0,502.3035399148759,4419.292691788643,2.5851760538703186
Southcentral,APR20,Apr 20,Rainfed,990003,Short Season,38,507,3317.856327208554,1282.3068089575888,0.0,454.45889131111807,3339.539811066127,0.6492955641888559
Southcentral,APR20,Apr 20,Rainfed,990004,V. Short Season,38,507,2665.204090106924,688.022840439569,0.0,419.1371327727603,2691.10910412125,0.9626147811938982
Southcentral,MAY01,May 01,Irrigated,990001,Long Season,38,507,5765.017076715457,1570.6094360281636,289.7280182705284,582.8609986504723,6361.080712135368,9.370477476928873
Southcentral,MAY01,May 01,Irrigated,990002,Medium Season,38,507,6572.58382642998,1762.3416328679664,221.75724073497355,520.5649849475761,6955.459047025849,5.504672200745489
Southcentral,MAY01,May 01,Irrigated,990003,Short Season,38,507,4124.236530675802,866.1790607981258,160.63142323263781,469.97601993148555,4229.4084397383995,2.486681306880417
Southcentral,MAY01,May 01,Irrigated,990004,V. Short Season,38,507,2798.0678916225474,616.6151582865364,97.78236271151252,434.672843350981,2923.506903353057,4.290703455724356
Southcentral,MAY01,May 01,Rainfed,990001,Long Season,38,507,2943.170559534932,2027.210965046367,0.0,576.8957230353992,3202.951313194228,8.110668201204177
Southcentral,MAY01,May 01,Rainfed,990002,Medium Season,38,507,4027.9449807951837,2489.2867489878345,0.0,518.7523616734143,4419.292691788643,8.855437697544026
Southcentral,MAY01,May 01,Rainfed,990003,Short Season,38,507,3234.732118758435,1377.8828097618655,0.0,469.70087200249145,3339.539811066127,3.1383872700182955
Southcentral,MAY01,May 01,Rainfed,990004,V. Short Season,38,507,2650.5066957334166,719.2693435227304,0.0,434.60775459358456,2691.10910412125,1.5087611396228222
Southcentral,MAY10,May 10,Irrigated,990001,Long Season,38,507,5962.313453752725,1590.0282171004837,293.295183224333,600.6486037579156,6361.080712135368,6.26886022090388
Southcentral,MAY10,May 10,Irrigated,990002,Medium Season,38,507,6651.647409944981,1900.2256645199993,228.35954531298663,537.1851967196097,6955.459047025849,4.367959541229391
Southcentral,MAY10,May 10,Irrigated,990003,Short Season,38,507,3956.2150939478875,994.2335116819332,167.31288279871276,487.29533893906364,4229.4084397383995,6.459374867266539
Southcentral,MAY10,May 10,Irrigated,990004,V. Short Season,38,507,2923.506903353057,730.5415257626721,109.6348489567113,451.6169936676009,2923.506903353057,0.0
Southcentral,MAY10,May 10,Rainfed,990001,Long Season,38,507,2908.261185508149,1884.041510630554,0.0,595.1104536489152,3202.951313194228,9.200580928974267
Southcentral,MAY10,May 10,Rainfed,990002,Medium Season,38,507,4077.2399563998756,2552.1488478345304,0.0,535.1510951936053,4419.292691788643,7.739988257042261
Southcentral,MAY10,May 10,Rainfed,990003,Short Season,38,507,3040.426139312779,1453.042457699055,0.0,486.78064984947576,3339.539811066127,8.956733223008293
Southcentral,MAY10,May 10,Rainfed,990004,V. Short Season,38,507,2691.10910412125,811.3778399316609,0.0,451.65633758953595,2691.10910412125,0.0
Southcentral,MAY20,May 20,Irrigated,990001,Long Season,38,507,6361.080712135368,1668.2855046461323,296.85975293262743,620.6567009239075,6361.080712135368,0.0
Southcentral,MAY20,May 20,Irrigated,990002,Medium Season,38,507,6955.459047025849,2034.9928548680796,233.55133395619222,558.8993563791134,6955.459047025849,0.0
Southcentral,MAY20,May 20,Irrigated,990003,Short Season,38,507,3998.395203986297,1145.362948410694,174.75474929928373,508.46968753244056,4229.4084397383995,5.462069673422017
Southcentral,MAY20,May 20,Irrigated,990004,V. Short Season,38,507,2852.8833177618603,724.111218284922,123.22744731651615,469.0197238658777,2923.506903353057,2.4157146853389175
Southcentral,MAY20,May 20,Rainfed,990001,Long Season,38,507,3202.951313194228,2008.6301692912825,0.0,614.9219869199627,3202.951313194228,0.0
Southcentral,MAY20,May 20,Rainfed,990002,Medium Season,38,507,4071.4285788435586,2621.2426489617346,0.0,556.0933250285477,4419.292691788643,7.871488430522847
Southcentral,MAY20,May 20,Rainfed,990003,Short Season,38,507,2993.4641337070484,1527.5456525951963,0.0,508.2306135160386,3339.539811066127,10.362975048606959
Southcentral,MAY20,May 20,Rainfed,990004,V. Short Season,38,507,2591.447991279975,875.891598939271,0.0,469.10111076507843,2691.10910412125,3.7033471697097102
Southeast,APR01,Apr 01,Irrigated,990001,Long Season,38,538,6092.058843670515,1596.3096366492714,189.4944727059284,568.630258266484,6982.835501858736,12.756661072011632
Southeast,APR01,Apr 01,Irrigated,990002,Medium Season,38,538,7782.232537663862,1473.7144440083925,141.25293484640972,497.3553609861084,7782.232537663862,0.0
Southeast,APR01,Apr 01,Irrigated,990003,Short Season,38,538,4469.081197417335,543.8799016252293,90.27954412052436,440.52817452553313,4561.5026902758755,2.0261194420769066
Southeast,APR01,Apr 01,Irrigated,990004,V. Short Season,38,538,2589.161416552534,709.8305894928615,52.62546468401487,390.18137350811975,3125.3636274701626,17.156474408440584
Southeast,APR01,Apr 01,Rainfed,990001,Long Season,38,538,4639.599833692037,2267.0956504250203,0.0,567.7622285267071,5276.163177460379,12.064891140738851
Southeast,APR01,Apr 01,Rainfed,990002,Medium Season,38,538,6437.613676384269,2313.6722466690876,0.0,496.90070436313835,6811.84963803561,5.493896394331788
Southeast,APR01,Apr 01,Rainfed,990003,Short Season,38,538,4160.40422617883,800.0113388498999,0.0,440.5260223048327,4331.086382312659,3.940862431903068
Southeast,APR01,Apr 01,Rainfed,990004,V. Short Season,38,538,2524.6961944824884,656.2712395773972,0.0,390.18137350811975,3106.8711602426138,18.73830409223225
Southeast,APR10,Apr 10,Irrigated,990001,Long Season,38,538,6134.536489923694,1618.003983125173,175.72026022304834,721.712091567208,6982.835501858736,12.148345922071869
Southeast,APR10,Apr 10,Irrigated,990002,Medium Season,38,538,7708.290500880454,1599.1634678033454,132.89473684210526,648.6321659166504,7782.232537663862,0.9501391332827578
Southeast,APR10,Apr 10,Irrigated,990003,Short Season,38,538,4501.01633731168,664.0114532298343,95.14649774995108,595.6875366855801,4561.5026902758755,1.3260181363728867
Southeast,APR10,Apr 10,Irrigated,990004,V. Short Season,38,538,2504.9848366268834,546.0115620994859,55.56031109371943,545.0606045783603,3125.3636274701626,19.849811567220648
Southeast,APR10,Apr 10,Rainfed,990001,Long Season,38,538,5030.47285267071,2255.1785186733377,0.0,720.5756212091568,5276.163177460379,4.656609671195369
Southeast,APR10,Apr 10,Rainfed,990002,Medium Season,38,538,6811.84963803561,2217.815942855266,0.0,648.3257679514772,6811.84963803561,0.0
Southeast,APR10,Apr 10,Rainfed,990003,Short Season,38,538,4331.086382312659,787.1491139420785,0.0,595.2892780277832,4331.086382312659,0.0
Southeast,APR10,Apr 10,Rainfed,990004,V. Short Season,38,538,2499.000489141068,544.3897399041656,0.0,544.7823322246136,3106.8711602426138,19.565364630507478
Southeast,APR20,Apr 20,Irrigated,990001,Long Season,38,538,6248.089463901389,1662.5632236665717,181.54348464097046,736.8043924867932,6982.835501858736,10.522173088020878
Southeast,APR20,Apr 20,Irrigated,990002,Medium Season,38,538,7500.503423987478,1783.8270175995024,140.044756407748,660.8110448053219,7782.232537663862,3.6201579985292516
Southeast,APR20,Apr 20,Irrigated,990003,Short Season,38,538,4508.752201134807,706.9172781831285,98.67075914693798,607.3178438661711,4561.5026902758755,1.1564278862209287
Southeast,APR20,Apr 20,Irrigated,990004,V. Short Season,38,538,2841.559283897476,573.0510004801548,61.42878106045784,563.823811387204,3125.3636274701626,9.080682358948845
Southeast,APR20,Apr 20,Rainfed,990001,Long Season,38,538,5063.986939933477,2384.3943405643595,0.0,736.1873410291528,5276.163177460379,4.02141159002272
Southeast,APR20,Apr 20,Rainfed,990002,Medium Season,38,538,6529.180639796517,2356.704687802982,0.0,660.8604480532185,6811.84963803561,4.149665850824744
Southeast,APR20,Apr 20,Rainfed,990003,Short Season,38,538,4327.898601056545,829.7463597901691,0.0,607.3414693797691,4331.086382312659,0.07360234764960004
Southeast,APR20,Apr 20,Rainfed,990004,V. Short Season,38,538,2835.2331735472508,572.3305313372232,0.0,563.9160144785756,3106.8711602426138,8.743136508890537
Southeast,MAY01,May 01,Irrigated,990001,Long Season,38,538,6369.461944824888,1720.7417114781697,185.87727450596753,761.7722559186069,6982.835501858736,8.784018424472077
Southeast,MAY01,May 01,Irrigated,990002,Medium Season,38,538,7414.280766973196,1978.482099020161,148.0996869497163,680.8031207200156,7782.232537663862,4.728100437886957
Southeast,MAY01,May 01,Irrigated,990003,Short Season,38,538,4561.5026902758755,900.4139840358853,110.0029348464097,624.7410487184504,4561.5026902758755,0.0
Southeast,MAY01,May 01,Irrigated,990004,V. Short Season,38,538,2891.5013206808844,504.9578772477504,69.5387399726081,580.6697808648014,3125.3636274701626,7.4827231216797285
Southeast,MAY01,May 01,Rainfed,990001,Long Season,38,538,4985.283995304246,2603.557915614631,0.0,758.6842594404227,5276.163177460379,5.51308161579917
Southeast,MAY01,May 01,Rainfed,990002,Medium Season,38,538,6342.654617491685,2499.220641089362,0.0,680.7191841126981,6811.84963803561,6.887923918990539
Southeast,MAY01,May 01,Rainfed,990003,Short Season,38,538,4325.2328311485035,1086.5737609369141,0.0,624.7661416552534,4331.086382312659,0.1351520299401222
Southeast,MAY01,May 01,Rainfed,990004,V. Short Season,38,538,2877.334132263745,500.2242456005695,0.0,580.6882703971826,3106.8711602426138,7.388044632045334
Southeast,MAY10,May 10,Irrigated,990001,Long Season,38,538,6444.390432400704,1758.084844714793,189.4577871258071,784.3837800821757,6982.835501858736,7.710980293244845
Southeast,MAY10,May 10,Irrigated,990002,Medium Season,38,538,7486.211064370965,2028.257537572527,153.6807865388378,696.9453140285658,7782.232537663862,3.8038117193264878
Southeast,MAY10,May 10,Irrigated,990003,Short Season,38,538,4444.3412248092345,1028.016274016597,117.90623165720994,639.93244961847,4561.5026902758755,2.5684839716614336
Southeast,MAY10,May 10,Irrigated,990004,V. Short Season,38,538,3125.3636274701626,677.384682085108,77.60712189395421,599.2328800626101,3125.3636274701626,0.0
Southeast,MAY10,May 10,Rainfed,990001,Long Season,38,538,4923.943357464293,2681.195369167647,0.0,779.8139796517315,5276.163177460379,6.6756809474877485
Southeast,MAY10,May 10,Rainfed,990002,Medium Season,38,538,6356.62986695363,2617.2708671487057,0.0,696.7510271962434,6811.84963803561,6.68276305660287
Southeast,MAY10,May 10,Rainfed,990003,Short Season,38,538,4150.641068284093,1253.8675683395504,0.0,639.9268734102915,4331.086382312659,4.166282962294878
Southeast,MAY10,May 10,Rainfed,990004,V. Short Season,38,538,3106.8711602426138,687.658927266351,0.0,599.2328800626101,3106.8711602426138,0.0
Southeast,MAY20,May 20,Irrigated,990001,Long Season,38,538,6982.835501858736,2004.1550394794488,193.87473097241244,818.7646253179417,6982.835501858736,0.0
Southeast,MAY20,May 20,Irrigated,990002,Medium Season,38,538,7642.441107415379,2081.8242409534564,160.73542359616513,719.548473879867,7782.232537663862,1.7962895553677078
Southeast,MAY20,May 20,Irrigated,990003,Short Season,38,538,4532.359127372334,1194.404464823528,127.22436900802191,663.0118861279593,4561.5026902758755,0.6389026792786737
Southeast,MAY20,May 20,Irrigated,990004,V. Short Season,38,538,3110.757288201917,692.7122385286951,87.58559968694972,621.3649970651536,3125.3636274701626,0.4673484755458215
Southeast,MAY20,May 20,Rainfed,990001,Long Season,38,538,5276.163177460379,2954.97145731349,0.0,813.4599882606143,5276.163177460379,0.0
Southeast,MAY20,May 20,Rainfed,990002,Medium Season,38,538,6328.136861670905,2827.1047838426975,0.0,719.2010858931716,6811.84963803561,7.101048937777159
Southeast,MAY20,May 20,Rainfed,990003,Short Season,38,538,4185.341029152808,1398.3332995092499,0.0,662.9872334181179,4331.086382312659,3.3650991990150043
Southeast,MAY20,May 20,Rainfed,990004,V. Short Season,38,538,3071.367687341029,737.1788958094896,0.0,621.3649970651536,3106.8711602426138,1.1427404314639251
Southwest,APR01,Apr 01,Irrigated,990001,Long Season,38,253,5692.018826711047,1296.919109373153,402.8006032868733,341.89546494695236,6731.888495943415,15.446923546921282
Southwest,APR01,Apr 01,Irrigated,990002,Medium Season,38,253,7157.982733513625,1145.935349778499,313.6311628874558,290.04004576659037,7378.8752860411905,2.9935802404118896
Southwest,APR01,Apr 01,Irrigated,990003,Short Season,38,253,4336.211150405658,726.2870579705141,213.38412731433326,238.96317869773247,4453.245995423341,2.6280794983695213
Southwest,APR01,Apr 01,Irrigated,990004,V. Short Season,38,253,2540.9502808404413,811.4843006405886,114.92354899105472,200.16163927605575,3049.8094445600163,16.684949436012584
Southwest,APR01,Apr 01,Rainfed,990001,Long Season,38,253,1824.7167672144788,1373.7810344210002,0.0,338.0,2129.167256084876,14.299040528653558
Southwest,APR01,Apr 01,Rainfed,990002,Medium Season,38,253,2510.3677969627624,1437.31275139618,0.0,287.84241730809237,2538.2959226128564,1.1002706737733516
Southwest,APR01,Apr 01,Rainfed,990003,Short Season,38,253,1848.7411067193675,1023.9535948121415,0.0,238.58654046182653,1949.9128354483043,5.1885257068773765
Southwest,APR01,Apr 01,Rainfed,990004,V. Short Season,38,253,1634.2235281880592,716.2664109076151,0.0,200.15851882671106,2072.251924277096,21.137796566015627
Southwest,APR10,Apr 10,Irrigated,990001,Long Season,38,253,5715.723528188059,1323.3256778673574,407.66590389016017,407.0063449136676,6731.888495943415,15.094797965945059
Southwest,APR10,Apr 10,Irrigated,990002,Medium Season,38,253,7070.914915747867,1165.4786586963123,317.98158934886624,356.16715206989807,7378.8752860411905,4.173540795246943
Southwest,APR10,Apr 10,Irrigated,990003,Short Season,38,253,4453.245995423341,894.246135669983,231.88319117952983,307.52537965467025,4453.245995423341,0.0
Southwest,APR10,Apr 10,Irrigated,990004,V. Short Season,38,253,2506.381422924901,609.2184656012209,127.96962762637821,268.6258581235698,3049.8094445600163,17.818425429970215
Southwest,APR10,Apr 10,Rainfed,990001,Long Season,38,253,1636.116080715623,1295.6393623819079,0.0,377.4123153734138,2129.167256084876,23.15699595511713
Southwest,APR10,Apr 10,Rainfed,990002,Medium Season,38,253,2268.2259205325568,1422.2491631598573,0.0,332.8274391512378,2538.2959226128564,10.639815463371843
Southwest,APR10,Apr 10,Rainfed,990003,Short Season,38,253,1855.4587060536717,1073.8905770310039,0.0,289.9705637611816,1949.9128354483043,4.844018033909538
Southwest,APR10,Apr 10,Rainfed,990004,V. Short Season,38,253,1772.2810484709798,766.5118995974701,0.0,256.6356355315165,2072.251924277096,14.475598854167345
Southwest,APR20,Apr 20,Irrigated,990001,Long Season,38,253,5794.545246515499,1313.365401440232,408.14957353858955,416.070938215103,6731.888495943415,13.9239271415852
Southwest,APR20,Apr 20,Irrigated,990002,Medium Season,38,253,7024.04691075515,1330.671136448188,317.36009985437903,367.92531724568335,7378.8752860411905,4.808705412832748
Southwest,APR20,Apr 20,Irrigated,990003,Short Season,38,253,4388.1410443103805,830.0510896560462,232.26544622425632,316.6805700020803,4453.245995423341,1.4619661967892548
Southwest,APR20,Apr 20,Irrigated,990004,V. Short Season,38,253,2809.0223632203038,746.9451346229538,138.29831495735388,282.2863532348658,3049.8094445600163,7.895151671498938
Southwest,APR20,Apr 20,Rainfed,990001,Long Season,38,253,1673.5907010609528,1207.516035742837,0.0,384.5294362388184,2129.167256084876,21.39693599560796
Southwest,APR20,Apr 20,Rainfed,990002,Medium Season,38,253,2115.5674017058454,1456.7851823267433,0.0,342.7577491158727,2538.2959226128564,16.654028284923733
Southwest,APR20,Apr 20,Rainfed,990003,Short Season,38,253,1761.4845017682546,1064.6602557241836,0.0,299.2952985229873,1949.9128354483043,9.663423423577196
Southwest,APR20,Apr 20,Rainfed,990004,V. Short Season,38,253,1940.8272311212816,893.5735618615117,0.0,269.388599958394,2072.251924277096,6.342119489244137
Southwest,MAY01,May 01,Irrigated,990001,Long Season,38,253,6038.550967339297,1339.813482905995,408.4382151029748,425.49968795506555,6731.888495943415,10.299302031249004
Southwest,MAY01,May 01,Irrigated,990002,Medium Season,38,253,6974.999583940087,1534.5973696114147,317.36009985437903,380.5111296026628,7378.8752860411905,5.4734046374943555
Southwest,MAY01,May 01,Irrigated,990003,Short Season,38,253,4308.224152277929,813.3291330213214,240.045766590389,332.03026835864364,4453.245995423341,3.2565423804221263
Southwest,MAY01,May 01,Irrigated,990004,V. Short Season,38,253,2901.499271895153,710.0043449208225,151.61483253588517,296.19950072810485,3049.8094445600163,4.862932434333104
Southwest,MAY01,May 01,Rainfed,990001,Long Season,38,253,1690.84085708342,1212.101333233847,0.0,400.88371125442063,2129.167256084876,20.58675276678137
Southwest,MAY01,May 01,Rainfed,990002,Medium Season,38,253,2145.0734345745786,1662.9977514904383,0.0,363.5348450176825,2538.2959226128564,15.491593574066206
Southwest,MAY01,May 01,Rainfed,990003,Short Season,38,253,1893.9473684210527,1188.8516752203213,0.0,319.73996255460787,1949.9128354483043,2.8701522452609844
Southwest,MAY01,May 01,Rainfed,990004,V. Short Season,38,253,1967.3250468067401,889.6415996903569,0.0,287.72363220303725,2072.251924277096,5.063422851300256
Southwest,MAY10,May 10,Irrigated,990001,Long Season,38,253,6334.411587268567,1397.2861078565606,407.8583315997504,439.3875598086124,6731.888495943415,5.904389368813297
Southwest,MAY10,May 10,Irrigated,990002,Medium Season,38,253,7020.10432702309,1715.9451339048815,316.37715831079674,392.7853130850843,7378.8752860411905,4.86213609947842
Southwest,MAY10,May 10,Irrigated,990003,Short Season,38,253,4191.313813189099,880.1902600133659,241.44476804659874,347.7159350946536,4453.245995423341,5.881826032144482
Southwest,MAY10,May 10,Irrigated,990004,V. Short Season,38,253,3049.8094445600163,699.5312215691432,164.5464946952361,312.5871645516954,3049.8094445600163,0.0
Southwest,MAY10,May 10,Rainfed,990001,Long Season,38,253,1800.960682338257,1335.701554049084,0.0,427.2146869149157,2129.167256084876,15.414785889114558
Southwest,MAY10,May 10,Rainfed,990002,Medium Season,38,253,2453.9858539629704,2006.5556739842123,0.0,386.18587476596633,2538.2959226128564,3.3215224394758285
Southwest,MAY10,May 10,Rainfed,990003,Short Season,38,253,1898.4590180986063,1218.4272018392505,0.0,344.6202413147493,1949.9128354483043,2.6387752526316546
Southwest,MAY10,May 10,Rainfed,990004,V. Short Season,38,253,2033.7922820886206,921.3199710218017,0.0,310.54275015602246,2072.251924277096,1.8559346833224406
Southwest,MAY20,May 20,Irrigated,990001,Long Season,38,253,6731.888495943415,1452.1686964700698,409.61358435614727,454.9254212606615,6731.888495943415,0.0
Southwest,MAY20,May 20,Irrigated,990002,Medium Season,38,253,7378.8752860411905,1864.1214724268127,317.6955481589349,409.9816933638444,7378.8752860411905,0.0
Southwest,MAY20,May 20,Irrigated,990003,Short Season,38,253,4288.4543374245895,1015.3126401339072,242.31329311420842,369.20709382151034,4453.245995423341,3.7004840551837894
Southwest,MAY20,May 20,Irrigated,990004,V. Short Season,38,253,2991.104014978157,689.1562416697433,172.7974828375286,330.1360515914292,3049.8094445600163,1.9248884446394823
Southwest,MAY20,May 20,Rainfed,990001,Long Season,38,253,2129.167256084876,1543.7062089485958,0.0,445.78011233617644,2129.167256084876,0.0
Southwest,MAY20,May 20,Rainfed,990002,Medium Season,38,253,2538.2959226128564,1718.9669255123126,0.0,406.64260453505307,2538.2959226128564,0.0
Southwest,MAY20,May 20,Rainfed,990003,Short Season,38,253,1949.9128354483043,1307.8034860240011,0.0,369.83971291866027,1949.9128354483043,0.0
Southwest,MAY20,May 20,Rainfed,990004,V. Short Season,38,253,2072.251924277096,972.4667602767547,0.0,331.8632203037237,2072.251924277096,0.0
