region,planting_code,planting_label,cultivar_id,cultivar_label,n_years,n_sites,rainfed_yield_mean_kg_ha,irrigated_yield_mean_kg_ha,irrigation_mean_mm,incremental_benefit_mean_kg_ha,incremental_iwue_mean_kg_m3,gross_irrigation_productivity_mean_kg_m3,yield_gap_mean_percent,rainfed_seasonal_precip_mean_mm
Northcentral,APR01,Apr 01,990001,Long Season,38,512,3023.9161698190787,6001.319952713816,278.7661903782895,2977.4037828947367,1.0550161408756633,2.8471815196787156,53.26593359575101,455.91041324013156
Northcentral,APR01,Apr 01,990002,Medium Season,38,512,4089.1806126644738,7193.840614720395,213.29795435855263,3104.6600020559213,1.376791575548225,4.285605573732028,45.81411313745514,393.4283511513158
Northcentral,APR01,Apr 01,990003,Short Season,38,512,3166.4267064144738,4288.910618832237,139.64201274671052,1122.4839124177631,0.7041059318377163,3.8145600557982084,27.220634257237766,337.95924136513156
Northcentral,APR01,Apr 01,990004,V. Short Season,38,512,2129.0656352796054,2358.7732833059213,69.30252878289474,229.70764802631578,0.21706306121749688,4.1860311941964286,7.844572241312882,288.4573910361842
Northcentral,APR10,Apr 10,990001,Long Season,38,512,3016.6950555098683,6075.6473581414475,276.08963815789474,3058.9523026315787,1.087104784081952,3.1434759741011264,54.06524770507314,540.1876027960526
Northcentral,APR10,Apr 10,990002,Medium Season,38,512,4225.355725740132,7174.0826994243425,212.61564555921052,2948.7269736842104,1.2842495002393943,4.640686706076935,43.81035660748312,476.7358655427632
Northcentral,APR10,Apr 10,990003,Short Season,38,512,3190.4812397203946,4307.631990131579,149.65177837171052,1117.1507504111842,0.6184797290691307,3.7954032554354,27.14811441477464,423.7689144736842
Northcentral,APR10,Apr 10,990004,V. Short Season,38,512,2204.7294921875,2359.460577713816,79.96761924342105,154.73108552631578,0.10880042195332078,3.631703379297854,5.041850449329573,376.0697471217105
Northcentral,APR20,Apr 20,990001,Long Season,38,512,3127.856805098684,6272.234837582237,277.2923519736842,3144.3780324835525,1.1173540701225007,3.2341635883015525,53.968944003792416,554.0218955592105
Northcentral,APR20,Apr 20,990002,Medium Season,38,512,4064.0632195723683,7064.59375,216.1119962993421,3000.5305304276317,1.2950998319532723,4.764793477906912,45.08120633897944,487.36898643092104
Northcentral,APR20,Apr 20,990003,Short Season,38,512,3160.474249588816,4245.990285773027,151.52780633223685,1085.5160361842106,0.6071837539881537,3.6602308961472096,27.357956063379657,434.9221833881579
Northcentral,APR20,Apr 20,990004,V. Short Season,38,512,2588.1421669407896,2763.6537314967104,89.20769942434211,175.51156455592104,0.13771213385025063,3.851401664153874,6.17171770405426,394.6299342105263
Northcentral,MAY01,May 01,990001,Long Season,38,512,3183.4145764802633,6495.092156661184,278.30360814144734,3311.6775801809213,1.1929095342044973,3.349223386249818,55.23751092875675,574.4841180098684
Northcentral,MAY01,May 01,990002,Medium Season,38,512,4067.1772717927633,7148.110608552632,220.05293996710526,3080.9333367598683,1.3205306642468764,4.725054859128481,46.28122696135955,509.4946032072368
Northcentral,MAY01,May 01,990003,Short Season,38,512,3237.0057565789475,4204.680612664473,158.77107319078948,967.6748560855264,0.5206503640091633,3.487940269891498,25.541896325422677,458.7718441611842
Northcentral,MAY01,May 01,990004,V. Short Season,38,512,2594.8449835526317,2744.9953741776317,96.83002672697368,150.150390625,0.094566250097901,3.6167262662678836,5.486559887963101,415.51639597039474
Northcentral,MAY10,May 10,990001,Long Season,38,512,3224.6122018914475,6669.3661081414475,280.9583162006579,3444.75390625,1.23708115079693,3.489728575398809,55.608616348497904,591.7793996710526
Northcentral,MAY10,May 10,990002,Medium Season,38,512,4124.673879523027,7392.204615542763,222.50719572368422,3267.5307360197367,1.4039497111815216,4.859232433166655,47.89514052516292,528.1385690789474
Northcentral,MAY10,May 10,990003,Short Season,38,512,3091.127569901316,4200.271330180921,166.8752569901316,1109.1437602796052,0.5578508141449651,3.4190620716893902,29.423232761153688,475.68868215460526
Northcentral,MAY10,May 10,990004,V. Short Season,38,512,2697.9737356085525,2924.1726973684213,106.89633018092105,226.1989617598684,0.15662376518652218,3.4861938738596017,8.446322823588458,432.0727282072368
Northcentral,MAY20,May 20,990001,Long Season,38,512,3563.9499897203946,7201.0372121710525,281.7691200657895,3637.087222450658,1.270329483982674,3.9004212708254866,53.94786941951697,609.7348889802631
Northcentral,MAY20,May 20,990002,Medium Season,38,512,4326.049547697368,7848.225020559211,226.806640625,3522.175472861842,1.4935920927027302,5.210794241953268,48.858325904511595,549.7430612664474
Northcentral,MAY20,May 20,990003,Short Season,38,512,3091.227847450658,4456.744500411184,175.5602384868421,1365.5166529605262,0.6817018816595503,3.6376791417292957,34.263929066203964,500.10829564144734
Northcentral,MAY20,May 20,990004,V. Short Season,38,512,2629.682257401316,2923.5810546875,118.53926809210526,293.8987972861842,0.17724795898660003,3.3281793445869052,11.47981228032969,450.95811060855266
Northeast,APR01,Apr 01,990001,Long Season,38,467,4566.098162966303,6465.37011157444,196.4738532627071,1899.271948608137,0.8251566660340858,5.89485701274234,33.82517403547492,560.6518088583342
Northeast,APR01,Apr 01,990002,Medium Season,38,467,6213.56102783726,7853.834497915023,149.13924264623014,1640.273470077764,0.8789248066408583,8.388772552760686,23.87002720153753,482.1377211766032
Northeast,APR01,Apr 01,990003,Short Season,38,467,4058.5009579623575,4527.385946128705,98.65462639468049,468.88498816634734,0.3056128874519047,6.304511898191719,11.450869899203928,421.0503211991434
Northeast,APR01,Apr 01,990004,V. Short Season,38,467,2338.3436267327847,2419.287388707314,54.971542882903194,80.94376197452948,0.08067546972355943,5.572600733632798,2.7262297237959117,368.0318381607123
Northeast,APR10,Apr 10,990001,Long Season,38,467,4877.844133889327,6629.434914910402,184.7669897441677,1751.5907810210751,0.7561324864351261,6.980245801092436,31.120103041969926,679.061140538713
Northeast,APR10,Apr 10,990002,Medium Season,38,467,6465.524512566211,7733.7002704834895,143.6239152485067,1268.1757579172772,0.6234156138838433,8.874357387315717,19.301257591924433,597.830102558323
Northeast,APR10,Apr 10,990003,Short Season,38,467,4200.670348247492,4566.117660317818,101.73841992561704,365.4473120703257,0.21929616991508685,6.430651831618173,9.364808407379183,540.5778203538825
Northeast,APR10,Apr 10,990004,V. Short Season,38,467,2398.26749690071,2424.8014200383186,59.13867913896089,26.533923137608475,0.02182840398641142,5.253769762199933,0.9444804150090864,490.64335624929555
Northeast,APR20,Apr 20,990001,Long Season,38,467,4950.243773244675,6768.546320297532,185.92499718246367,1818.3025470528569,0.7740243769100751,6.9534464803875,31.87711149854367,694.1950298658852
Northeast,APR20,Apr 20,990002,Medium Season,38,467,6259.340076636989,7556.062774709793,147.9248844810098,1296.7226980728053,0.6249718412881182,8.345149406662625,20.271578417305516,610.6805477290658
Northeast,APR20,Apr 20,990003,Short Season,38,467,4185.76952552688,4544.388369209963,103.73605319508621,358.6188436830835,0.21566605723314838,6.124244392208214,9.285613285670825,551.401667981517
Northeast,APR20,Apr 20,990004,V. Short Season,38,467,2746.9124873210862,2786.0936549081484,62.590161163079,39.18116758706187,0.030859657709584456,5.76712521346192,1.4388075057025187,506.89992110898237
Northeast,MAY01,May 01,990001,Long Season,38,467,5012.06981855066,6910.169221232954,186.81111236334948,1898.0994026822948,0.7764640154789607,6.8899607367089315,32.97118095010155,715.0032119914347
Northeast,MAY01,May 01,990002,Medium Season,38,467,6151.6206469063445,7674.631973402456,153.21480897103572,1523.0113264961117,0.745610283631742,7.981938235475658,23.252977447256885,627.284627521695
Northeast,MAY01,May 01,990003,Short Season,38,467,4133.131015440099,4534.148371463992,110.63760847514932,401.0173560238927,0.2383633910794116,5.760409987568688,10.35393011513562,569.2476050941057
Northeast,MAY01,May 01,990004,V. Short Season,38,467,2783.8269469176153,2824.8186070100305,68.54220669446636,40.991660092415195,0.03105132638877708,5.222519685455609,1.3788449688434548,523.8668995830046
Northeast,MAY10,May 10,990001,Long Season,38,467,5123.9811225064805,7072.062718359067,188.20015778203538,1948.0815958525866,0.8067311134834462,6.76816846205496,33.209087974023966,740.1429617942072
Northeast,MAY10,May 10,990002,Medium Season,38,467,6303.792572974191,7952.859404936324,156.78885382621434,1649.0668319621323,0.8120736423493607,8.042774584985871,24.992092373764446,648.3410345993464
Northeast,MAY10,May 10,990003,Short Season,38,467,4044.5786092640597,4530.493237912769,119.97774146286486,485.9146286487096,0.2722230815992678,5.361547054206798,12.683736347598789,588.4349149104023
Northeast,MAY10,May 10,990004,V. Short Season,38,467,3035.6004733461064,3075.219767835005,74.6280852022991,39.6192944888989,0.030869204059399035,5.33795316717919,1.5257166404614115,540.7567339118675
Northeast,MAY20,May 20,990001,Long Season,38,467,5473.686577256846,7626.696607686239,189.649780232165,2153.0100304293924,0.8785349676035142,6.839445297777473,33.471070874016306,770.7162740899357
Northeast,MAY20,May 20,990002,Medium Season,38,467,6374.6174349149105,8197.239546940154,161.3659416206469,1822.6221120252453,0.8467301412160593,8.133348500086688,27.029301038553932,674.4101205905556
Northeast,MAY20,May 20,990003,Short Season,38,467,4228.865209061197,4819.983996393554,130.0602952778091,591.1187873323565,0.330842295608395,5.141642722224493,15.204754276507822,613.4457342499718
Northeast,MAY20,May 20,990004,V. Short Season,38,467,3031.6636988617156,3125.4801081933956,86.25042263045194,93.81640933168038,0.062815789742021,4.7647522600219325,3.431142537991654,564.3849881663473
Northwest,APR01,Apr 01,990001,Long Season,38,499,2265.9538550785783,6600.764212635798,369.1250922898428,4334.8103575572195,1.1751313135333887,1.9504720607966797,67.81253111345275,362.7592553528109
Northwest,APR01,Apr 01,990002,Medium Season,38,499,2728.5201982913195,7764.71158105685,280.81689695179836,5036.191382765531,1.8191714826817538,3.0018013365663045,65.8479023788007,316.70129733150515
Northwest,APR01,Apr 01,990003,Short Season,38,499,2260.877808248075,4588.250342790845,198.20825862250817,2327.3725345427697,1.140750411643461,2.5192916232087943,50.34668138092562,263.45601729775336
Northwest,APR01,Apr 01,990004,V. Short Season,38,499,1700.2963822381605,2222.9288049783777,95.07435924480541,522.6324227402173,0.4105339590626533,2.586832230626667,19.824901594692122,219.72033540765742
Northwest,APR10,Apr 10,990001,Long Season,38,499,2208.3298702668494,6778.074253770699,382.87627887353653,4569.74438350385,1.2069852838299302,1.9995709943154087,69.59434985133876,416.99356607952745
Northwest,APR10,Apr 10,990002,Medium Season,38,499,2627.6721864782194,7841.580107583588,290.88176352705415,5213.907921105369,1.8706266547682846,3.064744817128835,67.80059214395749,373.890517877861
Northwest,APR10,Apr 10,990003,Short Season,38,499,2363.3258622508174,4636.988134163063,209.7088914671448,2273.6622719122456,1.0363393141363317,2.4887857853504882,49.79528661575256,323.06803079843894
Northwest,APR10,Apr 10,990004,V. Short Season,38,499,1898.6969728931547,2315.1354814892943,109.19338677354709,416.4385085961396,0.2890457753435024,2.346065976397239,16.555140414656396,280.885560594874
Northwest,APR20,Apr 20,990001,Long Season,38,499,2176.439827022466,6973.549150933446,384.29886087965406,4797.10932391098,1.268837202813082,2.057308855405628,70.51065758832796,424.2501845796857
Northwest,APR20,Apr 20,990002,Medium Season,38,499,2709.8409450479908,7974.5291108532865,292.20150827971736,5264.688165805295,1.8802213260259744,3.1580292775132737,67.73113576545975,382.75234679886086
Northwest,APR20,Apr 20,990003,Short Season,38,499,2251.0725661850015,4701.179675139753,216.16390676089023,2450.1071089547513,1.1092241131233378,2.4616987488328803,53.424868453639796,335.266269380867
Northwest,APR20,Apr 20,990004,V. Short Season,38,499,2181.318637274549,2777.9015926590023,124.38956861090601,596.5829553844532,0.41009734155026845,2.5037753232446516,20.784754280963735,293.48887248180574
Northwest,MAY01,May 01,990001,Long Season,38,499,2166.5149773230673,7269.136167070985,386.19475793692646,5102.621189747917,1.362000471371309,2.1629869507325097,71.82454114641878,441.4519038076152
Northwest,MAY01,May 01,990002,Medium Season,38,499,2860.122402700137,8135.232886826284,294.20683472207577,5275.110484126148,1.8434188944377594,3.2522480711689825,66.51742093269243,400.87200717223925
Northwest,MAY01,May 01,990003,Short Season,38,499,2307.600569560173,4659.994937242907,216.85476215589074,2352.394367682734,1.0689981810376337,2.4536629417541875,52.22601302303332,354.248496993988
Northwest,MAY01,May 01,990004,V. Short Season,38,499,2298.5657103681046,2906.298017086805,131.52621031536756,607.7323067187006,0.3603034963185158,2.503007516112431,20.141675189044,313.52330977744964
Northwest,MAY10,May 10,990001,Long Season,38,499,2283.8937875751503,7558.478325071194,388.2145870688746,5274.584537496045,1.4041556327519693,2.241580068211279,71.16330522227793,450.4451007277713
Northwest,MAY10,May 10,990002,Medium Season,38,499,2947.381394367683,8326.08981120135,300.06196603733787,5378.708416833667,1.7890507106295523,3.262857276080928,66.5929173593609,413.34189431494565
Northwest,MAY10,May 10,990003,Short Season,38,499,2341.243434236895,4800.272228667862,222.86546777766057,2459.028794430967,1.0669659049013482,2.519329125607078,53.05679528696141,370.2109482122139
Northwest,MAY10,May 10,990004,V. Short Season,38,499,2333.1994515346482,3042.1394895053268,143.7480223605105,708.9400379706782,0.4101380244958665,2.407592465891759,24.06367194337729,328.9461027317794
Northwest,MAY20,May 20,990001,Long Season,38,499,2376.3952642126355,7927.752715958231,389.52378441092714,5551.357451745596,1.4597023426399875,2.403737265407171,71.25248995784304,459.7559329184685
Northwest,MAY20,May 20,990002,Medium Season,38,499,2906.573462714903,8734.444626094293,305.76284147241853,5827.87116337939,1.9402306603442774,3.5416212055174703,68.74220270918057,426.0054319164645
Northwest,MAY20,May 20,990003,Short Season,38,499,2406.7317793481698,5137.421949161481,228.58348275498366,2730.690169813311,1.16568694527188,2.792641273987168,55.65136489899653,393.61807826178676
Northwest,MAY20,May 20,990004,V. Short Season,38,499,2373.990876489822,3241.861776183947,154.75951903807615,867.870899694125,0.4729869639454757,2.5038006348267396,27.17680776042594,348.7775551102204
Southcentral,APR01,Apr 01,990001,Long Season,38,507,2840.6788124156546,5453.94664175231,290.921831205232,2613.2678293366553,0.9013944439351897,2.4223735634214605,52.57965045463849,443.42894217792997
Southcentral,APR01,Apr 01,990002,Medium Season,38,507,4292.022371016298,6948.838420014533,217.38814491850925,2656.816048998235,1.114351962238824,4.153718386558921,41.470786945653366,384.1405584968338
Southcentral,APR01,Apr 01,990003,Short Season,38,507,3189.739385445863,4216.835409529742,136.94072459254645,1027.0960240838783,0.6363370076887829,4.169704519091299,25.75739644374063,335.69879580608324
Southcentral,APR01,Apr 01,990004,V. Short Season,38,507,2191.0111076507837,2541.9527146268038,75.82399044949652,350.9416069760199,0.3384974947230008,4.065970129465676,11.964775693612781,288.46024083878336
Southcentral,APR10,Apr 10,990001,Long Season,38,507,2904.3012041939164,5427.109571265442,284.3338004775252,2522.808367071525,0.8769469866944872,2.4912316984941936,51.022435893364985,541.1683276237932
Southcentral,APR10,Apr 10,990002,Medium Season,38,507,4419.292691788643,6897.983494238555,211.647461849891,2478.690802449912,1.0443184493224422,4.383250649368555,38.961208628556626,484.5264715042043
Southcentral,APR10,Apr 10,990003,Short Season,38,507,3339.539811066127,4229.4084397383995,146.69495484272812,889.8686286722724,0.49257316447725197,4.051574741217812,21.7514028099589,439.49024187688156
Southcentral,APR10,Apr 10,990004,V. Short Season,38,507,2300.3809301359906,2475.9095816464237,81.66069760199315,175.52865151043287,0.15272146935385802,3.739283380789251,6.587662494525239,392.6832243330219
Southcentral,APR20,Apr 20,990001,Long Season,38,507,2984.2512197653896,5536.178656700924,286.2426035502959,2551.9274369355344,0.8736295972195082,2.531806086670943,51.032017761720994,561.9843766220284
Southcentral,APR20,Apr 20,990002,Medium Season,38,507,4305.046195370082,6728.80717325859,215.51308003737154,2423.760977888508,1.017195302093025,4.334981806937218,39.77468026228694,502.3035399148759
Southcentral,APR20,Apr 20,990003,Short Season,38,507,3317.856327208554,4177.777639364685,148.37667393335408,859.92131215613,0.4514911981394385,3.7994952865801515,21.922504555479158,454.45889131111807
Southcentral,APR20,Apr 20,990004,V. Short Season,38,507,2665.204090106924,2762.2430187895775,87.36634485622339,97.03892868265338,0.0530700631427352,4.161849838023724,3.755843053327698,419.1371327727603
Southcentral,MAY01,May 01,990001,Long Season,38,507,2943.170559534932,5765.017076715457,289.7280182705284,2821.8465171805256,0.978607231341666,2.559436922771819,54.00121492863326,576.8957230353992
Southcentral,MAY01,May 01,990002,Medium Season,38,507,4027.9449807951837,6572.58382642998,221.75724073497355,2544.6388456347972,1.0686936637714595,4.01304347088945,42.96702808758056,518.7523616734143
Southcentral,MAY01,May 01,990003,Short Season,38,507,3234.732118758435,4124.236530675802,160.63142323263781,889.5044119173675,0.4512212707399409,3.333574615794485,23.939371275285918,469.70087200249145
Southcentral,MAY01,May 01,990004,V. Short Season,38,507,2650.5066957334166,2798.0678916225474,97.78236271151252,147.5611958891311,0.06883376027181694,3.867676968308345,5.666076746309449,434.60775459358456
Southcentral,MAY10,May 10,990001,Long Season,38,507,2908.261185508149,5962.313453752725,293.295183224333,3054.0522682445758,1.076358075790608,2.5703269177579404,55.64219608079793,595.1104536489152
Southcentral,MAY10,May 10,990002,Medium Season,38,507,4077.2399563998756,6651.647409944981,228.35954531298663,2574.4074535451055,1.082805832709314,3.872366610900309,43.98908290733491,535.1510951936053
Southcentral,MAY10,May 10,990003,Short Season,38,507,3040.426139312779,3956.2150939478875,167.31288279871276,915.7889546351084,0.456568911658705,3.1377006985523717,27.3374068487438,486.78064984947576
Southcentral,MAY10,May 10,990004,V. Short Season,38,507,2691.10910412125,2923.506903353057,109.6348489567113,232.39779923180734,0.14584037166911662,3.511846239111017,8.457320071345173,451.65633758953595
Southcentral,MAY20,May 20,990001,Long Season,38,507,3202.951313194228,6361.080712135368,296.85975293262743,3158.1293989411397,1.0930359887597678,2.704622441751456,53.6221634651571,614.9219869199627
Southcentral,MAY20,May 20,990002,Medium Season,38,507,4071.4285788435586,6955.459047025849,233.55133395619222,2884.0304681822904,1.2117284052905077,3.9041165413609664,46.652339265418945,556.0933250285477
Southcentral,MAY20,May 20,990003,Short Season,38,507,2993.4641337070484,3998.395203986297,174.75474929928373,1004.9310702792485,0.4940051946818828,3.0963637719604318,29.69191776434662,508.2306135160386
Southcentral,MAY20,May 20,990004,V. Short Season,38,507,2591.447991279975,2852.8833177618603,123.22744731651615,261.43532648188517,0.15264572827082948,3.0916626554927706,10.979684329250455,469.10111076507843
Southeast,APR01,Apr 01,990001,Long Season,38,538,4639.599833692037,6092.058843670515,189.4944727059284,1452.4590099784778,0.6295051980266892,5.50907217120781,28.991733527288883,567.7622285267071
Southeast,APR01,Apr 01,990002,Medium Season,38,538,6437.613676384269,7782.232537663862,141.25293484640972,1344.618861279593,0.7216773535650419,8.446590838505339,19.757021601181112,496.90070436313835
Southeast,APR01,Apr 01,990003,Short Season,38,538,4160.40422617883,4469.081197417335,90.27954412052436,308.6769712385052,0.21845669108278187,6.829160805154432,7.4218581144494085,440.5260223048327
Southeast,APR01,Apr 01,990004,V. Short Season,38,538,2524.6961944824884,2589.161416552534,52.62546468401487,64.465222070045,0.0773189069327594,6.145201421770039,2.051159177313599,390.18137350811975
Southeast,APR10,Apr 10,990001,Long Season,38,538,5030.47285267071,6134.536489923694,175.72026022304834,1104.0636372529837,0.4747462040565503,6.2272093521631335,22.9575824917037,720.5756212091568
Southeast,APR10,Apr 10,990002,Medium Season,38,538,6811.84963803561,7708.290500880454,132.89473684210526,896.4408628448444,0.48460933079670604,9.005463792435961,13.922206932720472,648.3257679514772
Southeast,APR10,Apr 10,990003,Short Season,38,538,4331.086382312659,4501.01633731168,95.14649774995108,169.9299549990217,0.11181762045645825,6.532662973581019,4.261387147504647,595.2892780277832
Southeast,APR10,Apr 10,990004,V. Short Season,38,538,2499.000489141068,2504.9848366268834,55.56031109371943,5.98434748581491,0.004752426139698688,5.622825461423074,0.2124535162721417,544.7823322246136
Southeast,APR20,Apr 20,990001,Long Season,38,538,5063.986939933477,6248.089463901389,181.54348464097046,1184.1025239679122,0.4998203752509748,6.103883648670808,24.280835178976172,736.1873410291528
Southeast,APR20,Apr 20,990002,Medium Season,38,538,6529.180639796517,7500.503423987478,140.044756407748,971.3227841909608,0.5015356025971464,8.373588209643026,15.703618726567086,660.8604480532185
Southeast,APR20,Apr 20,990003,Short Season,38,538,4327.898601056545,4508.752201134807,98.67075914693798,180.8536000782626,0.12006571066762321,6.086173433972167,4.421268211425956,607.3414693797691
Southeast,APR20,Apr 20,990004,V. Short Season,38,538,2835.2331735472508,2841.559283897476,61.42878106045784,6.326110350225005,0.0038458544129841344,5.908086231843549,0.23883893226738723,563.9160144785756
Southeast,MAY01,May 01,990001,Long Season,38,538,4985.283995304246,6369.461944824888,185.87727450596753,1384.1779495206417,0.5750856098854871,5.8848011474747945,27.41673939140106,758.6842594404227
Southeast,MAY01,May 01,990002,Medium Season,38,538,6342.654617491685,7414.280766973196,148.0996869497163,1071.6261494815105,0.5414249758065474,7.468221032355219,17.847341668179162,680.7191841126981
Southeast,MAY01,May 01,990003,Short Season,38,538,4325.2328311485035,4561.5026902758755,110.0029348464097,236.26985912737234,0.14476678563452677,5.578142762646167,6.228308529403802,624.7661416552534
Southeast,MAY01,May 01,990004,V. Short Season,38,538,2877.334132263745,2891.5013206808844,69.5387399726081,14.167188417139505,0.011661745907519729,5.331676935368161,0.4739988238254808,580.6882703971826
Southeast,MAY10,May 10,990001,Long Season,38,538,4923.943357464293,6444.390432400704,189.4577871258071,1520.4470749364116,0.6376975115072899,5.569805004887444,29.74659444265066,779.8139796517315
Southeast,MAY10,May 10,990002,Medium Season,38,538,6356.62986695363,7486.211064370965,153.6807865388378,1129.5811974173353,0.5656515833919208,7.23495883603893,19.3479419797051,696.7510271962434
Southeast,MAY10,May 10,990003,Short Season,38,538,4150.641068284093,4444.3412248092345,117.90623165720994,293.70015652514184,0.16939349425439232,5.1233192256367515,8.460305840868024,639.9268734102915
Southeast,MAY10,May 10,990004,V. Short Season,38,538,3106.8711602426138,3125.3636274701626,77.60712189395421,18.492467227548424,0.014576607177795792,5.1823255904631464,0.7100070784237232,599.2328800626101
Southeast,MAY20,May 20,990001,Long Season,38,538,5276.163177460379,6982.835501858736,193.87473097241244,1706.6723243983565,0.7335844931750928,5.7133697397241825,30.521117537603914,813.4599882606143
Southeast,MAY20,May 20,990002,Medium Season,38,538,6328.136861670905,7642.441107415379,160.73542359616513,1314.3042457444726,0.6385058630470667,7.067754146269309,21.92754301576263,719.2010858931716
Southeast,MAY20,May 20,990003,Short Season,38,538,4185.341029152808,4532.359127372334,127.22436900802191,347.0180982195265,0.19305532928885502,4.812344124405889,9.93273911205583,662.9872334181179
Southeast,MAY20,May 20,990004,V. Short Season,38,538,3071.367687341029,3110.757288201917,87.58559968694972,39.38960086088828,0.02587694398635995,4.555044258260273,1.6519598343492508,621.3649970651536
Southwest,APR01,Apr 01,990001,Long Season,38,253,1824.7167672144788,5692.018826711047,402.8006032868733,3867.3020594965674,0.9976079982149741,1.546347608470497,70.21292979537365,338.0
Southwest,APR01,Apr 01,990002,Medium Season,38,253,2510.3677969627624,7157.982733513625,313.6311628874558,4647.614936550864,1.5035663182630385,2.4960773088909045,66.07327170244302,287.84241730809237
Southwest,APR01,Apr 01,990003,Short Season,38,253,1848.7411067193675,4336.211150405658,213.38412731433326,2487.470043686291,1.1615941694559282,2.258641396492697,57.7029938186811,238.58654046182653
Southwest,APR01,Apr 01,990004,V. Short Season,38,253,1634.2235281880592,2540.9502808404413,114.92354899105472,906.726752652382,0.6657636322510673,2.4398440418029144,33.115999605859045,200.15851882671106
Southwest,APR10,Apr 10,990001,Long Season,38,253,1636.116080715623,5715.723528188059,407.66590389016017,4079.607447472436,1.04381318824447,1.5309956494182133,73.2365517416279,377.4123153734138
Southwest,APR10,Apr 10,990002,Medium Season,38,253,2268.2259205325568,7070.914915747867,317.98158934886624,4802.6889952153115,1.534335410073376,2.4420025676872883,69.29228812820818,332.8274391512378
Southwest,APR10,Apr 10,990003,Short Season,38,253,1855.4587060536717,4453.245995423341,231.88319117952983,2597.787289369669,1.1044646316337365,2.142237265363491,58.22980063715187,289.9705637611816
Southwest,APR10,Apr 10,990004,V. Short Season,38,253,1772.2810484709798,2506.381422924901,127.96962762637821,734.1003744539214,0.45834477354003045,2.213541753563451,27.15550529426733,256.6356355315165
Southwest,APR20,Apr 20,990001,Long Season,38,253,1673.5907010609528,5794.545246515499,408.14957353858955,4120.954545454546,1.055225121838442,1.5518430293121916,73.15677114962045,384.5294362388184
Southwest,APR20,Apr 20,990002,Medium Season,38,253,2115.5674017058454,7024.04691075515,317.36009985437903,4908.479509049303,1.594315988435012,2.452366246360124,71.33479230440284,342.7577491158727
Southwest,APR20,Apr 20,990003,Short Season,38,253,1761.4845017682546,4388.1410443103805,232.26544622425632,2626.656542542126,1.1174293997833524,2.111846198493276,59.84980164197901,299.2952985229873
Southwest,APR20,Apr 20,990004,V. Short Season,38,253,1940.8272311212816,2809.0223632203038,138.29831495735388,868.1951320990223,0.5371461285230268,2.309140789947634,30.145199415583438,269.388599958394
Southwest,MAY01,May 01,990001,Long Season,38,253,1690.84085708342,6038.550967339297,408.4382151029748,4347.710110255877,1.1191156990946993,1.6177860322716344,74.12358266379746,400.88371125442063
Southwest,MAY01,May 01,990002,Medium Season,38,253,2145.0734345745786,6974.999583940087,317.36009985437903,4829.926149365509,1.5822325374634352,2.4582564949750814,71.2970071720388,363.5348450176825
Southwest,MAY01,May 01,990003,Short Season,38,253,1893.9473684210527,4308.224152277929,240.045766590389,2414.276783856875,0.9841997114071481,1.9919001365250155,57.257181666971206,319.73996255460787
Southwest,MAY01,May 01,990004,V. Short Season,38,253,1967.3250468067401,2901.499271895153,151.61483253588517,934.1742250884126,0.5388908369523826,2.1661823842766115,32.013976767029874,287.72363220303725
Southwest,MAY10,May 10,990001,Long Season,38,253,1800.960682338257,6334.411587268567,407.8583315997504,4533.45090493031,1.164624409233266,1.7034679181819896,73.55764396073093,427.2146869149157
Southwest,MAY10,May 10,990002,Medium Season,38,253,2453.9858539629704,7020.10432702309,316.37715831079674,4566.118473060121,1.4803876031093188,2.512017854731533,68.00144462552957,386.18587476596633
Southwest,MAY10,May 10,990003,Short Season,38,253,1898.4590180986063,4191.313813189099,241.44476804659874,2292.854795090493,0.9279653530573898,1.9505145519282217,57.05813393393623,344.6202413147493
Southwest,MAY10,May 10,990004,V. Short Season,38,253,2033.7922820886206,3049.8094445600163,164.5464946952361,1016.0171624713957,0.5447894476637248,2.0960390571924896,33.27778501902484,310.54275015602246
Southwest,MAY20,May 20,990001,Long Season,38,253,2129.167256084876,6731.888495943415,409.61358435614727,4602.72123985854,1.1579900110587424,1.802786834747445,70.42105927986238,445.78011233617644
Southwest,MAY20,May 20,990002,Medium Season,38,253,2538.2959226128564,7378.8752860411905,317.6955481589349,4840.579363428334,1.5928323356206502,2.6082694201505987,67.87672630299771,406.64260453505307
Southwest,MAY20,May 20,990003,Short Season,38,253,1949.9128354483043,4288.4543374245895,242.31329311420842,2338.5415019762845,0.9567884252959864,2.0171744544168955,57.73177732203932,369.83971291866027
Southwest,MAY20,May 20,990004,V. Short Season,38,253,2072.251924277096,2991.104014978157,172.7974828375286,918.852090701061,0.44941629952000245,1.9917296463700875,31.47417633378476,331.8632203037237
